"idx","wojewodztwo"
"1","dolnośląskie"
"2","dolnośląskie"
"3","dolnośląskie"
"4","dolnośląskie"
"5","dolnośląskie"
"6","dolnośląskie"
"7","dolnośląskie"
"8","dolnośląskie"
"9","dolnośląskie"
"10","dolnośląskie"
"11","dolnośląskie"
"12","dolnośląskie"
"13","dolnośląskie"
"14","dolnośląskie"
"15","dolnośląskie"
"16","dolnośląskie"
"17","dolnośląskie"
"18","dolnośląskie"
"19","dolnośląskie"
"20","dolnośląskie"
"21","dolnośląskie"
"22","dolnośląskie"
"23","dolnośląskie"
"24","dolnośląskie"
"25","dolnośląskie"
"26","dolnośląskie"
"27","dolnośląskie"
"28","dolnośląskie"
"29","dolnośląskie"
"30","dolnośląskie"
"31","dolnośląskie"
"32","dolnośląskie"
"33","dolnośląskie"
"34","dolnośląskie"
"35","dolnośląskie"
"36","dolnośląskie"
"37","dolnośląskie"
"38","dolnośląskie"
"39","dolnośląskie"
"40","dolnośląskie"
"41","dolnośląskie"
"42","dolnośląskie"
"43","dolnośląskie"
"44","dolnośląskie"
"45","dolnośląskie"
"46","dolnośląskie"
"47","dolnośląskie"
"48","dolnośląskie"
"49","dolnośląskie"
"50","dolnośląskie"
"51","dolnośląskie"
"52","dolnośląskie"
"53","dolnośląskie"
"54","dolnośląskie"
"55","dolnośląskie"
"56","dolnośląskie"
"57","dolnośląskie"
"58","dolnośląskie"
"59","dolnośląskie"
"60","dolnośląskie"
"61","dolnośląskie"
"62","dolnośląskie"
"63","dolnośląskie"
"64","dolnośląskie"
"65","dolnośląskie"
"66","dolnośląskie"
"67","dolnośląskie"
"68","dolnośląskie"
"69","dolnośląskie"
"70","dolnośląskie"
"71","dolnośląskie"
"72","dolnośląskie"
"73","dolnośląskie"
"74","dolnośląskie"
"75","dolnośląskie"
"76","dolnośląskie"
"77","dolnośląskie"
"78","dolnośląskie"
"79","dolnośląskie"
"80","dolnośląskie"
"81","dolnośląskie"
"82","dolnośląskie"
"83","dolnośląskie"
"84","dolnośląskie"
"85","dolnośląskie"
"86","dolnośląskie"
"87","dolnośląskie"
"88","dolnośląskie"
"89","dolnośląskie"
"90","dolnośląskie"
"91","dolnośląskie"
"92","dolnośląskie"
"93","dolnośląskie"
"94","dolnośląskie"
"95","dolnośląskie"
"96","dolnośląskie"
"97","dolnośląskie"
"98","dolnośląskie"
"99","dolnośląskie"
"100","dolnośląskie"
"101","dolnośląskie"
"102","dolnośląskie"
"103","dolnośląskie"
"104","dolnośląskie"
"105","dolnośląskie"
"106","dolnośląskie"
"107","dolnośląskie"
"108","dolnośląskie"
"109","dolnośląskie"
"110","dolnośląskie"
"111","dolnośląskie"
"112","dolnośląskie"
"113","dolnośląskie"
"114","dolnośląskie"
"115","dolnośląskie"
"116","dolnośląskie"
"117","dolnośląskie"
"118","dolnośląskie"
"119","dolnośląskie"
"120","dolnośląskie"
"121","dolnośląskie"
"122","dolnośląskie"
"123","dolnośląskie"
"124","dolnośląskie"
"125","dolnośląskie"
"126","dolnośląskie"
"127","dolnośląskie"
"128","dolnośląskie"
"129","dolnośląskie"
"130","dolnośląskie"
"131","dolnośląskie"
"132","dolnośląskie"
"133","dolnośląskie"
"134","dolnośląskie"
"135","dolnośląskie"
"136","dolnośląskie"
"137","dolnośląskie"
"138","dolnośląskie"
"139","dolnośląskie"
"140","dolnośląskie"
"141","dolnośląskie"
"142","dolnośląskie"
"143","dolnośląskie"
"144","dolnośląskie"
"145","dolnośląskie"
"146","dolnośląskie"
"147","dolnośląskie"
"148","dolnośląskie"
"149","dolnośląskie"
"150","dolnośląskie"
"151","dolnośląskie"
"152","dolnośląskie"
"153","dolnośląskie"
"154","dolnośląskie"
"155","dolnośląskie"
"156","dolnośląskie"
"157","dolnośląskie"
"158","dolnośląskie"
"159","dolnośląskie"
"160","dolnośląskie"
"161","dolnośląskie"
"162","dolnośląskie"
"163","dolnośląskie"
"164","pomorskie"
"165","pomorskie"
"166","dolnośląskie"
"167","dolnośląskie"
"168","dolnośląskie"
"169","dolnośląskie"
"170","dolnośląskie"
"171","dolnośląskie"
"172","dolnośląskie"
"173","dolnośląskie"
"174","dolnośląskie"
"175","dolnośląskie"
"176","dolnośląskie"
"177","dolnośląskie"
"178","lubuskie"
"179","kujawsko-pomorskie"
"180","kujawsko-pomorskie"
"181","kujawsko-pomorskie"
"182","kujawsko-pomorskie"
"183","kujawsko-pomorskie"
"184","pomorskie"
"185","pomorskie"
"186","pomorskie"
"187","pomorskie"
"188","pomorskie"
"189","wielkopolskie"
"190","wielkopolskie"
"191","wielkopolskie"
"192","lubelskie"
"193","lubelskie"
"194","wielkopolskie"
"195","wielkopolskie"
"196","lubelskie"
"197","pomorskie"
"198","pomorskie"
"199","pomorskie"
"200","warmińsko-mazurskie"
"201","warmińsko-mazurskie"
"202","wielkopolskie"
"203","warmińsko-mazurskie"
"204","warmińsko-mazurskie"
"205","warmińsko-mazurskie"
"206","wielkopolskie"
"207","kujawsko-pomorskie"
"208","kujawsko-pomorskie"
"209","kujawsko-pomorskie"
"210","kujawsko-pomorskie"
"211","kujawsko-pomorskie"
"212","lubelskie"
"213","lubelskie"
"214","lubelskie"
"215","lubelskie"
"216","lubelskie"
"217","lubelskie"
"218","lubelskie"
"219","lubelskie"
"220","lubelskie"
"221","lubelskie"
"222","lubelskie"
"223","lubelskie"
"224","lubelskie"
"225","lubelskie"
"226","lubelskie"
"227","lubelskie"
"228","lubelskie"
"229","kujawsko-pomorskie"
"230","kujawsko-pomorskie"
"231","kujawsko-pomorskie"
"232","kujawsko-pomorskie"
"233","kujawsko-pomorskie"
"234","kujawsko-pomorskie"
"235","kujawsko-pomorskie"
"236","kujawsko-pomorskie"
"237","kujawsko-pomorskie"
"238","kujawsko-pomorskie"
"239","kujawsko-pomorskie"
"240","kujawsko-pomorskie"
"241","kujawsko-pomorskie"
"242","małopolskie"
"243","kujawsko-pomorskie"
"244","kujawsko-pomorskie"
"245","kujawsko-pomorskie"
"246","kujawsko-pomorskie"
"247","kujawsko-pomorskie"
"248","kujawsko-pomorskie"
"249","kujawsko-pomorskie"
"250","kujawsko-pomorskie"
"251","kujawsko-pomorskie"
"252","kujawsko-pomorskie"
"253","kujawsko-pomorskie"
"254","kujawsko-pomorskie"
"255","kujawsko-pomorskie"
"256","kujawsko-pomorskie"
"257","kujawsko-pomorskie"
"258","kujawsko-pomorskie"
"259","kujawsko-pomorskie"
"260","kujawsko-pomorskie"
"261","kujawsko-pomorskie"
"262","kujawsko-pomorskie"
"263","kujawsko-pomorskie"
"264","kujawsko-pomorskie"
"265","kujawsko-pomorskie"
"266","kujawsko-pomorskie"
"267","kujawsko-pomorskie"
"268","kujawsko-pomorskie"
"269","kujawsko-pomorskie"
"270","kujawsko-pomorskie"
"271","kujawsko-pomorskie"
"272","kujawsko-pomorskie"
"273","kujawsko-pomorskie"
"274","kujawsko-pomorskie"
"275","kujawsko-pomorskie"
"276","kujawsko-pomorskie"
"277","kujawsko-pomorskie"
"278","kujawsko-pomorskie"
"279","kujawsko-pomorskie"
"280","kujawsko-pomorskie"
"281","kujawsko-pomorskie"
"282","kujawsko-pomorskie"
"283","kujawsko-pomorskie"
"284","kujawsko-pomorskie"
"285","kujawsko-pomorskie"
"286","kujawsko-pomorskie"
"287","kujawsko-pomorskie"
"288","kujawsko-pomorskie"
"289","kujawsko-pomorskie"
"290","kujawsko-pomorskie"
"291","kujawsko-pomorskie"
"292","kujawsko-pomorskie"
"293","kujawsko-pomorskie"
"294","kujawsko-pomorskie"
"295","kujawsko-pomorskie"
"296","kujawsko-pomorskie"
"297","kujawsko-pomorskie"
"298","kujawsko-pomorskie"
"299","kujawsko-pomorskie"
"300","kujawsko-pomorskie"
"301","kujawsko-pomorskie"
"302","kujawsko-pomorskie"
"303","kujawsko-pomorskie"
"304","kujawsko-pomorskie"
"305","kujawsko-pomorskie"
"306","kujawsko-pomorskie"
"307","kujawsko-pomorskie"
"308","kujawsko-pomorskie"
"309","kujawsko-pomorskie"
"310","kujawsko-pomorskie"
"311","kujawsko-pomorskie"
"312","kujawsko-pomorskie"
"313","kujawsko-pomorskie"
"314","kujawsko-pomorskie"
"315","kujawsko-pomorskie"
"316","kujawsko-pomorskie"
"317","kujawsko-pomorskie"
"318","kujawsko-pomorskie"
"319","kujawsko-pomorskie"
"320","kujawsko-pomorskie"
"321","kujawsko-pomorskie"
"322","kujawsko-pomorskie"
"323","kujawsko-pomorskie"
"324","kujawsko-pomorskie"
"325","kujawsko-pomorskie"
"326","kujawsko-pomorskie"
"327","kujawsko-pomorskie"
"328","kujawsko-pomorskie"
"329","kujawsko-pomorskie"
"330","kujawsko-pomorskie"
"331","kujawsko-pomorskie"
"332","kujawsko-pomorskie"
"333","kujawsko-pomorskie"
"334","kujawsko-pomorskie"
"335","kujawsko-pomorskie"
"336","kujawsko-pomorskie"
"337","kujawsko-pomorskie"
"338","kujawsko-pomorskie"
"339","kujawsko-pomorskie"
"340","kujawsko-pomorskie"
"341","kujawsko-pomorskie"
"342","kujawsko-pomorskie"
"343","kujawsko-pomorskie"
"344","kujawsko-pomorskie"
"345","kujawsko-pomorskie"
"346","kujawsko-pomorskie"
"347","kujawsko-pomorskie"
"348","kujawsko-pomorskie"
"349","kujawsko-pomorskie"
"350","kujawsko-pomorskie"
"351","kujawsko-pomorskie"
"352","kujawsko-pomorskie"
"353","kujawsko-pomorskie"
"354","kujawsko-pomorskie"
"355","kujawsko-pomorskie"
"356","kujawsko-pomorskie"
"357","kujawsko-pomorskie"
"358","kujawsko-pomorskie"
"359","kujawsko-pomorskie"
"360","kujawsko-pomorskie"
"361","kujawsko-pomorskie"
"362","kujawsko-pomorskie"
"363","dolnośląskie"
"364","dolnośląskie"
"365","dolnośląskie"
"366","dolnośląskie"
"367","kujawsko-pomorskie"
"368","kujawsko-pomorskie"
"369","kujawsko-pomorskie"
"370","kujawsko-pomorskie"
"371","kujawsko-pomorskie"
"372","kujawsko-pomorskie"
"373","kujawsko-pomorskie"
"374","kujawsko-pomorskie"
"375","kujawsko-pomorskie"
"376","kujawsko-pomorskie"
"377","kujawsko-pomorskie"
"378","kujawsko-pomorskie"
"379","kujawsko-pomorskie"
"380","kujawsko-pomorskie"
"381","kujawsko-pomorskie"
"382","kujawsko-pomorskie"
"383","dolnośląskie"
"384","dolnośląskie"
"385","dolnośląskie"
"386","dolnośląskie"
"387","dolnośląskie"
"388","dolnośląskie"
"389","dolnośląskie"
"390","dolnośląskie"
"391","dolnośląskie"
"392","dolnośląskie"
"393","dolnośląskie"
"394","dolnośląskie"
"395","dolnośląskie"
"396","dolnośląskie"
"397","dolnośląskie"
"398","dolnośląskie"
"399","dolnośląskie"
"400","dolnośląskie"
"401","dolnośląskie"
"402","dolnośląskie"
"403","dolnośląskie"
"404","dolnośląskie"
"405","dolnośląskie"
"406","dolnośląskie"
"407","dolnośląskie"
"408","dolnośląskie"
"409","dolnośląskie"
"410","dolnośląskie"
"411","dolnośląskie"
"412","dolnośląskie"
"413","mazowieckie"
"414","mazowieckie"
"415","mazowieckie"
"416","lubelskie"
"417","lubelskie"
"418","lubelskie"
"419","wielkopolskie"
"420","lubelskie"
"421","lubelskie"
"422","wielkopolskie"
"423","wielkopolskie"
"424","mazowieckie"
"425","mazowieckie"
"426","mazowieckie"
"427","lubelskie"
"428","lubelskie"
"429","lubelskie"
"430","lubelskie"
"431","lubelskie"
"432","wielkopolskie"
"433","wielkopolskie"
"434","wielkopolskie"
"435","mazowieckie"
"436","mazowieckie"
"437","lubelskie"
"438","lubelskie"
"439","lubelskie"
"440","lubelskie"
"441","lubelskie"
"442","lubelskie"
"443","wielkopolskie"
"444","wielkopolskie"
"445","wielkopolskie"
"446","mazowieckie"
"447","opolskie"
"448","lubelskie"
"449","lubelskie"
"450","lubelskie"
"451","lubelskie"
"452","lubelskie"
"453","wielkopolskie"
"454","wielkopolskie"
"455","wielkopolskie"
"456","opolskie"
"457","zachodniopomorskie"
"458","lubelskie"
"459","lubelskie"
"460","lubelskie"
"461","lubelskie"
"462","lubelskie"
"463","lubelskie"
"464","lubelskie"
"465","lubelskie"
"466","lubelskie"
"467","łódzkie"
"468","łódzkie"
"469","małopolskie"
"470","małopolskie"
"471","lubuskie"
"472","lubuskie"
"473","lubuskie"
"474","lubuskie"
"475","lubuskie"
"476","lubelskie"
"477","lubelskie"
"478","lubelskie"
"479","lubelskie"
"480","kujawsko-pomorskie"
"481","kujawsko-pomorskie"
"482","małopolskie"
"483","małopolskie"
"484","małopolskie"
"485","małopolskie"
"486","wielkopolskie"
"487","wielkopolskie"
"488","wielkopolskie"
"489","wielkopolskie"
"490","lubelskie"
"491","lubelskie"
"492","lubelskie"
"493","lubelskie"
"494","lubelskie"
"495","kujawsko-pomorskie"
"496","kujawsko-pomorskie"
"497","kujawsko-pomorskie"
"498","małopolskie"
"499","małopolskie"
"500","małopolskie"
"501","zachodniopomorskie"
"502","zachodniopomorskie"
"503","lubelskie"
"504","lubelskie"
"505","lubelskie"
"506","łódzkie"
"507","łódzkie"
"508","małopolskie"
"509","małopolskie"
"510","małopolskie"
"511","lubuskie"
"512","lubuskie"
"513","lubuskie"
"514","lubuskie"
"515","lubelskie"
"516","lubelskie"
"517","lubelskie"
"518","lubelskie"
"519","łódzkie"
"520","łódzkie"
"521","łódzkie"
"522","małopolskie"
"523","małopolskie"
"524","małopolskie"
"525","wielkopolskie"
"526","wielkopolskie"
"527","lubelskie"
"528","lubelskie"
"529","lubelskie"
"530","lubelskie"
"531","łódzkie"
"532","łódzkie"
"533","łódzkie"
"534","łódzkie"
"535","małopolskie"
"536","małopolskie"
"537","małopolskie"
"538","małopolskie"
"539","opolskie"
"540","lubuskie"
"541","lubuskie"
"542","lubelskie"
"543","lubelskie"
"544","lubelskie"
"545","łódzkie"
"546","łódzkie"
"547","łódzkie"
"548","małopolskie"
"549","małopolskie"
"550","małopolskie"
"551","lubuskie"
"552","lubuskie"
"553","lubelskie"
"554","lubelskie"
"555","łódzkie"
"556","łódzkie"
"557","łódzkie"
"558","łódzkie"
"559","małopolskie"
"560","łódzkie"
"561","wielkopolskie"
"562","wielkopolskie"
"563","zachodniopomorskie"
"564","zachodniopomorskie"
"565","lubelskie"
"566","lubelskie"
"567","wielkopolskie"
"568","łódzkie"
"569","łódzkie"
"570","łódzkie"
"571","łódzkie"
"572","łódzkie"
"573","łódzkie"
"574","łódzkie"
"575","mazowieckie"
"576","lubuskie"
"577","lubuskie"
"578","lubuskie"
"579","lubuskie"
"580","wielkopolskie"
"581","wielkopolskie"
"582","łódzkie"
"583","łódzkie"
"584","łódzkie"
"585","mazowieckie"
"586","mazowieckie"
"587","mazowieckie"
"588","lubuskie"
"589","lubuskie"
"590","lubuskie"
"591","wielkopolskie"
"592","wielkopolskie"
"593","wielkopolskie"
"594","łódzkie"
"595","wielkopolskie"
"596","wielkopolskie"
"597","mazowieckie"
"598","mazowieckie"
"599","wielkopolskie"
"600","wielkopolskie"
"601","wielkopolskie"
"602","wielkopolskie"
"603","dolnośląskie"
"604","dolnośląskie"
"605","dolnośląskie"
"606","lubuskie"
"607","lubuskie"
"608","lubuskie"
"609","lubuskie"
"610","lubuskie"
"611","lubuskie"
"612","lubelskie"
"613","lubelskie"
"614","lubuskie"
"615","lubuskie"
"616","lubuskie"
"617","lubuskie"
"618","dolnośląskie"
"619","kujawsko-pomorskie"
"620","łódzkie"
"621","łódzkie"
"622","łódzkie"
"623","mazowieckie"
"624","lubuskie"
"625","lubuskie"
"626","lubuskie"
"627","lubuskie"
"628","lubelskie"
"629","lubelskie"
"630","lubuskie"
"631","opolskie"
"632","opolskie"
"633","mazowieckie"
"634","mazowieckie"
"635","mazowieckie"
"636","lubuskie"
"637","lubuskie"
"638","lubuskie"
"639","lubelskie"
"640","lubelskie"
"641","opolskie"
"642","opolskie"
"643","opolskie"
"644","opolskie"
"645","mazowieckie"
"646","mazowieckie"
"647","lubuskie"
"648","lubuskie"
"649","lubuskie"
"650","lubuskie"
"651","lubelskie"
"652","lubelskie"
"653","lubelskie"
"654","opolskie"
"655","opolskie"
"656","opolskie"
"657","opolskie"
"658","opolskie"
"659","mazowieckie"
"660","mazowieckie"
"661","mazowieckie"
"662","lubuskie"
"663","lubuskie"
"664","lubuskie"
"665","lubuskie"
"666","lubelskie"
"667","lubelskie"
"668","lubelskie"
"669","wielkopolskie"
"670","wielkopolskie"
"671","wielkopolskie"
"672","wielkopolskie"
"673","kujawsko-pomorskie"
"674","podkarpackie"
"675","lubuskie"
"676","lubelskie"
"677","lubelskie"
"678","lubelskie"
"679","lubelskie"
"680","lubelskie"
"681","lubelskie"
"682","wielkopolskie"
"683","wielkopolskie"
"684","podkarpackie"
"685","podkarpackie"
"686","podkarpackie"
"687","lubuskie"
"688","lubuskie"
"689","lubuskie"
"690","lubuskie"
"691","lubuskie"
"692","lubelskie"
"693","lubelskie"
"694","lubelskie"
"695","lubelskie"
"696","wielkopolskie"
"697","wielkopolskie"
"698","podkarpackie"
"699","podkarpackie"
"700","podkarpackie"
"701","lubuskie"
"702","lubuskie"
"703","lubuskie"
"704","lubuskie"
"705","lubelskie"
"706","lubelskie"
"707","lubelskie"
"708","lubelskie"
"709","wielkopolskie"
"710","wielkopolskie"
"711","wielkopolskie"
"712","podkarpackie"
"713","podkarpackie"
"714","podkarpackie"
"715","podkarpackie"
"716","lubuskie"
"717","lubuskie"
"718","lubelskie"
"719","lubelskie"
"720","lubelskie"
"721","lubelskie"
"722","wielkopolskie"
"723","wielkopolskie"
"724","kujawsko-pomorskie"
"725","kujawsko-pomorskie"
"726","podkarpackie"
"727","podlaskie"
"728","świętokrzyskie"
"729","lubuskie"
"730","lubuskie"
"731","lubuskie"
"732","lubuskie"
"733","lubelskie"
"734","lubelskie"
"735","lubelskie"
"736","kujawsko-pomorskie"
"737","kujawsko-pomorskie"
"738","kujawsko-pomorskie"
"739","świętokrzyskie"
"740","świętokrzyskie"
"741","świętokrzyskie"
"742","lubuskie"
"743","lubuskie"
"744","lubuskie"
"745","lubuskie"
"746","lubuskie"
"747","lubelskie"
"748","lubelskie"
"749","lubelskie"
"750","lubelskie"
"751","lubelskie"
"752","kujawsko-pomorskie"
"753","kujawsko-pomorskie"
"754","kujawsko-pomorskie"
"755","kujawsko-pomorskie"
"756","kujawsko-pomorskie"
"757","lubuskie"
"758","lubuskie"
"759","lubuskie"
"760","lubuskie"
"761","lubuskie"
"762","lubuskie"
"763","lubuskie"
"764","lubelskie"
"765","lubelskie"
"766","lubelskie"
"767","kujawsko-pomorskie"
"768","kujawsko-pomorskie"
"769","kujawsko-pomorskie"
"770","lubuskie"
"771","lubuskie"
"772","lubuskie"
"773","lubuskie"
"774","lubuskie"
"775","lubuskie"
"776","lubuskie"
"777","lubuskie"
"778","lubuskie"
"779","lubuskie"
"780","lubuskie"
"781","lubelskie"
"782","lubelskie"
"783","lubelskie"
"784","lubelskie"
"785","dolnośląskie"
"786","dolnośląskie"
"787","dolnośląskie"
"788","lubuskie"
"789","lubuskie"
"790","lubuskie"
"791","lubuskie"
"792","lubuskie"
"793","lubuskie"
"794","lubuskie"
"795","lubelskie"
"796","lubelskie"
"797","dolnośląskie"
"798","dolnośląskie"
"799","dolnośląskie"
"800","lubuskie"
"801","lubuskie"
"802","lubuskie"
"803","lubuskie"
"804","lubuskie"
"805","lubuskie"
"806","lubuskie"
"807","lubuskie"
"808","lubuskie"
"809","lubuskie"
"810","lubuskie"
"811","lubuskie"
"812","lubuskie"
"813","dolnośląskie"
"814","dolnośląskie"
"815","dolnośląskie"
"816","lubuskie"
"817","lubuskie"
"818","lubuskie"
"819","lubuskie"
"820","lubuskie"
"821","lubuskie"
"822","lubuskie"
"823","lubuskie"
"824","lubuskie"
"825","lubuskie"
"826","dolnośląskie"
"827","dolnośląskie"
"828","podkarpackie"
"829","podkarpackie"
"830","śląskie"
"831","małopolskie"
"832","małopolskie"
"833","małopolskie"
"834","małopolskie"
"835","małopolskie"
"836","świętokrzyskie"
"837","świętokrzyskie"
"838","mazowieckie"
"839","mazowieckie"
"840","mazowieckie"
"841","śląskie"
"842","śląskie"
"843","śląskie"
"844","małopolskie"
"845","małopolskie"
"846","małopolskie"
"847","małopolskie"
"848","świętokrzyskie"
"849","świętokrzyskie"
"850","świętokrzyskie"
"851","mazowieckie"
"852","mazowieckie"
"853","mazowieckie"
"854","mazowieckie"
"855","śląskie"
"856","śląskie"
"857","śląskie"
"858","śląskie"
"859","małopolskie"
"860","małopolskie"
"861","małopolskie"
"862","świętokrzyskie"
"863","świętokrzyskie"
"864","świętokrzyskie"
"865","mazowieckie"
"866","mazowieckie"
"867","mazowieckie"
"868","mazowieckie"
"869","mazowieckie"
"870","opolskie"
"871","śląskie"
"872","śląskie"
"873","śląskie"
"874","małopolskie"
"875","małopolskie"
"876","małopolskie"
"877","małopolskie"
"878","świętokrzyskie"
"879","podkarpackie"
"880","małopolskie"
"881","mazowieckie"
"882","mazowieckie"
"883","mazowieckie"
"884","śląskie"
"885","śląskie"
"886","śląskie"
"887","małopolskie"
"888","małopolskie"
"889","małopolskie"
"890","śląskie"
"891","małopolskie"
"892","mazowieckie"
"893","mazowieckie"
"894","mazowieckie"
"895","mazowieckie"
"896","mazowieckie"
"897","łódzkie"
"898","świętokrzyskie"
"899","świętokrzyskie"
"900","małopolskie"
"901","małopolskie"
"902","małopolskie"
"903","mazowieckie"
"904","mazowieckie"
"905","mazowieckie"
"906","mazowieckie"
"907","małopolskie"
"908","małopolskie"
"909","łódzkie"
"910","łódzkie"
"911","łódzkie"
"912","małopolskie"
"913","małopolskie"
"914","małopolskie"
"915","mazowieckie"
"916","mazowieckie"
"917","mazowieckie"
"918","małopolskie"
"919","małopolskie"
"920","małopolskie"
"921","małopolskie"
"922","łódzkie"
"923","łódzkie"
"924","łódzkie"
"925","łódzkie"
"926","małopolskie"
"927","małopolskie"
"928","małopolskie"
"929","mazowieckie"
"930","mazowieckie"
"931","małopolskie"
"932","małopolskie"
"933","małopolskie"
"934","małopolskie"
"935","świętokrzyskie"
"936","wielkopolskie"
"937","wielkopolskie"
"938","małopolskie"
"939","małopolskie"
"940","małopolskie"
"941","mazowieckie"
"942","mazowieckie"
"943","małopolskie"
"944","małopolskie"
"945","małopolskie"
"946","małopolskie"
"947","małopolskie"
"948","małopolskie"
"949","łódzkie"
"950","łódzkie"
"951","łódzkie"
"952","małopolskie"
"953","małopolskie"
"954","małopolskie"
"955","mazowieckie"
"956","mazowieckie"
"957","mazowieckie"
"958","małopolskie"
"959","małopolskie"
"960","małopolskie"
"961","śląskie"
"962","śląskie"
"963","świętokrzyskie"
"964","małopolskie"
"965","śląskie"
"966","śląskie"
"967","mazowieckie"
"968","mazowieckie"
"969","mazowieckie"
"970","małopolskie"
"971","małopolskie"
"972","małopolskie"
"973","małopolskie"
"974","małopolskie"
"975","wielkopolskie"
"976","wielkopolskie"
"977","łódzkie"
"978","śląskie"
"979","śląskie"
"980","mazowieckie"
"981","mazowieckie"
"982","mazowieckie"
"983","mazowieckie"
"984","małopolskie"
"985","małopolskie"
"986","małopolskie"
"987","łódzkie"
"988","łódzkie"
"989","łódzkie"
"990","łódzkie"
"991","śląskie"
"992","śląskie"
"993","śląskie"
"994","śląskie"
"995","mazowieckie"
"996","mazowieckie"
"997","mazowieckie"
"998","podkarpackie"
"999","podkarpackie"
"1000","podkarpackie"
"1001","świętokrzyskie"
"1002","świętokrzyskie"
"1003","świętokrzyskie"
"1004","śląskie"
"1005","śląskie"
"1006","mazowieckie"
"1007","mazowieckie"
"1008","mazowieckie"
"1009","podkarpackie"
"1010","podkarpackie"
"1011","łódzkie"
"1012","łódzkie"
"1013","łódzkie"
"1014","śląskie"
"1015","śląskie"
"1016","mazowieckie"
"1017","mazowieckie"
"1018","mazowieckie"
"1019","mazowieckie"
"1020","mazowieckie"
"1021","podkarpackie"
"1022","podkarpackie"
"1023","podkarpackie"
"1024","małopolskie"
"1025","łódzkie"
"1026","łódzkie"
"1027","łódzkie"
"1028","świętokrzyskie"
"1029","świętokrzyskie"
"1030","lubelskie"
"1031","lubelskie"
"1032","lubelskie"
"1033","mazowieckie"
"1034","mazowieckie"
"1035","mazowieckie"
"1036","mazowieckie"
"1037","łódzkie"
"1038","łódzkie"
"1039","łódzkie"
"1040","łódzkie"
"1041","łódzkie"
"1042","lubelskie"
"1043","lubelskie"
"1044","lubelskie"
"1045","lubelskie"
"1046","lubelskie"
"1047","mazowieckie"
"1048","mazowieckie"
"1049","mazowieckie"
"1050","mazowieckie"
"1051","łódzkie"
"1052","łódzkie"
"1053","łódzkie"
"1054","łódzkie"
"1055","łódzkie"
"1056","lubelskie"
"1057","lubelskie"
"1058","lubelskie"
"1059","lubelskie"
"1060","lubelskie"
"1061","lubelskie"
"1062","lubelskie"
"1063","mazowieckie"
"1064","mazowieckie"
"1065","mazowieckie"
"1066","mazowieckie"
"1067","łódzkie"
"1068","łódzkie"
"1069","łódzkie"
"1070","łódzkie"
"1071","łódzkie"
"1072","lubelskie"
"1073","lubelskie"
"1074","lubelskie"
"1075","lubelskie"
"1076","lubelskie"
"1077","lubelskie"
"1078","lubelskie"
"1079","lubelskie"
"1080","mazowieckie"
"1081","mazowieckie"
"1082","łódzkie"
"1083","łódzkie"
"1084","łódzkie"
"1085","łódzkie"
"1086","lubelskie"
"1087","lubelskie"
"1088","lubelskie"
"1089","lubelskie"
"1090","lubelskie"
"1091","lubelskie"
"1092","mazowieckie"
"1093","podkarpackie"
"1094","łódzkie"
"1095","małopolskie"
"1096","małopolskie"
"1097","małopolskie"
"1098","lubelskie"
"1099","lubelskie"
"1100","lubelskie"
"1101","lubelskie"
"1102","lubelskie"
"1103","zachodniopomorskie"
"1104","łódzkie"
"1105","łódzkie"
"1106","łódzkie"
"1107","łódzkie"
"1108","łódzkie"
"1109","łódzkie"
"1110","lubelskie"
"1111","lubelskie"
"1112","lubelskie"
"1113","lubelskie"
"1114","lubelskie"
"1115","lubelskie"
"1116","lubelskie"
"1117","lubelskie"
"1118","lubelskie"
"1119","łódzkie"
"1120","łódzkie"
"1121","łódzkie"
"1122","łódzkie"
"1123","łódzkie"
"1124","łódzkie"
"1125","łódzkie"
"1126","lubelskie"
"1127","lubelskie"
"1128","lubelskie"
"1129","lubelskie"
"1130","lubelskie"
"1131","lubelskie"
"1132","lubelskie"
"1133","lubelskie"
"1134","łódzkie"
"1135","łódzkie"
"1136","łódzkie"
"1137","małopolskie"
"1138","małopolskie"
"1139","małopolskie"
"1140","lubelskie"
"1141","lubelskie"
"1142","lubelskie"
"1143","lubelskie"
"1144","lubelskie"
"1145","łódzkie"
"1146","łódzkie"
"1147","łódzkie"
"1148","łódzkie"
"1149","łódzkie"
"1150","łódzkie"
"1151","łódzkie"
"1152","łódzkie"
"1153","lubelskie"
"1154","lubelskie"
"1155","lubelskie"
"1156","lubelskie"
"1157","lubelskie"
"1158","łódzkie"
"1159","łódzkie"
"1160","łódzkie"
"1161","łódzkie"
"1162","łódzkie"
"1163","łódzkie"
"1164","lubelskie"
"1165","lubelskie"
"1166","lubelskie"
"1167","lubelskie"
"1168","lubelskie"
"1169","lubelskie"
"1170","lubelskie"
"1171","łódzkie"
"1172","łódzkie"
"1173","łódzkie"
"1174","łódzkie"
"1175","łódzkie"
"1176","łódzkie"
"1177","łódzkie"
"1178","lubelskie"
"1179","lubelskie"
"1180","lubelskie"
"1181","lubelskie"
"1182","lubelskie"
"1183","lubelskie"
"1184","lubelskie"
"1185","lubelskie"
"1186","łódzkie"
"1187","łódzkie"
"1188","łódzkie"
"1189","łódzkie"
"1190","łódzkie"
"1191","łódzkie"
"1192","łódzkie"
"1193","lubelskie"
"1194","lubelskie"
"1195","lubelskie"
"1196","lubelskie"
"1197","lubelskie"
"1198","lubelskie"
"1199","lubelskie"
"1200","lubelskie"
"1201","lubelskie"
"1202","łódzkie"
"1203","łódzkie"
"1204","łódzkie"
"1205","małopolskie"
"1206","małopolskie"
"1207","zachodniopomorskie"
"1208","zachodniopomorskie"
"1209","zachodniopomorskie"
"1210","zachodniopomorskie"
"1211","lubelskie"
"1212","lubelskie"
"1213","lubelskie"
"1214","lubelskie"
"1215","lubelskie"
"1216","łódzkie"
"1217","łódzkie"
"1218","łódzkie"
"1219","łódzkie"
"1220","łódzkie"
"1221","łódzkie"
"1222","łódzkie"
"1223","łódzkie"
"1224","lubelskie"
"1225","lubelskie"
"1226","lubelskie"
"1227","lubelskie"
"1228","lubelskie"
"1229","lubelskie"
"1230","mazowieckie"
"1231","łódzkie"
"1232","łódzkie"
"1233","lubelskie"
"1234","lubelskie"
"1235","lubelskie"
"1236","lubelskie"
"1237","lubelskie"
"1238","lubelskie"
"1239","mazowieckie"
"1240","mazowieckie"
"1241","mazowieckie"
"1242","mazowieckie"
"1243","łódzkie"
"1244","łódzkie"
"1245","łódzkie"
"1246","lubelskie"
"1247","lubelskie"
"1248","lubelskie"
"1249","lubelskie"
"1250","lubelskie"
"1251","lubelskie"
"1252","mazowieckie"
"1253","mazowieckie"
"1254","mazowieckie"
"1255","mazowieckie"
"1256","małopolskie"
"1257","małopolskie"
"1258","mazowieckie"
"1259","mazowieckie"
"1260","mazowieckie"
"1261","mazowieckie"
"1262","mazowieckie"
"1263","mazowieckie"
"1264","mazowieckie"
"1265","mazowieckie"
"1266","mazowieckie"
"1267","mazowieckie"
"1268","mazowieckie"
"1269","małopolskie"
"1270","małopolskie"
"1271","małopolskie"
"1272","małopolskie"
"1273","mazowieckie"
"1274","mazowieckie"
"1275","mazowieckie"
"1276","mazowieckie"
"1277","mazowieckie"
"1278","mazowieckie"
"1279","mazowieckie"
"1280","mazowieckie"
"1281","mazowieckie"
"1282","małopolskie"
"1283","małopolskie"
"1284","małopolskie"
"1285","mazowieckie"
"1286","mazowieckie"
"1287","mazowieckie"
"1288","mazowieckie"
"1289","mazowieckie"
"1290","mazowieckie"
"1291","mazowieckie"
"1292","mazowieckie"
"1293","mazowieckie"
"1294","małopolskie"
"1295","małopolskie"
"1296","małopolskie"
"1297","mazowieckie"
"1298","mazowieckie"
"1299","mazowieckie"
"1300","mazowieckie"
"1301","mazowieckie"
"1302","mazowieckie"
"1303","mazowieckie"
"1304","mazowieckie"
"1305","mazowieckie"
"1306","mazowieckie"
"1307","małopolskie"
"1308","małopolskie"
"1309","małopolskie"
"1310","małopolskie"
"1311","mazowieckie"
"1312","mazowieckie"
"1313","mazowieckie"
"1314","mazowieckie"
"1315","mazowieckie"
"1316","mazowieckie"
"1317","mazowieckie"
"1318","mazowieckie"
"1319","mazowieckie"
"1320","mazowieckie"
"1321","mazowieckie"
"1322","małopolskie"
"1323","małopolskie"
"1324","małopolskie"
"1325","mazowieckie"
"1326","mazowieckie"
"1327","mazowieckie"
"1328","mazowieckie"
"1329","mazowieckie"
"1330","mazowieckie"
"1331","mazowieckie"
"1332","mazowieckie"
"1333","mazowieckie"
"1334","mazowieckie"
"1335","mazowieckie"
"1336","mazowieckie"
"1337","małopolskie"
"1338","małopolskie"
"1339","małopolskie"
"1340","małopolskie"
"1341","mazowieckie"
"1342","mazowieckie"
"1343","mazowieckie"
"1344","mazowieckie"
"1345","mazowieckie"
"1346","mazowieckie"
"1347","mazowieckie"
"1348","mazowieckie"
"1349","mazowieckie"
"1350","mazowieckie"
"1351","małopolskie"
"1352","małopolskie"
"1353","małopolskie"
"1354","małopolskie"
"1355","mazowieckie"
"1356","mazowieckie"
"1357","mazowieckie"
"1358","mazowieckie"
"1359","mazowieckie"
"1360","mazowieckie"
"1361","mazowieckie"
"1362","mazowieckie"
"1363","mazowieckie"
"1364","mazowieckie"
"1365","mazowieckie"
"1366","małopolskie"
"1367","małopolskie"
"1368","mazowieckie"
"1369","mazowieckie"
"1370","mazowieckie"
"1371","mazowieckie"
"1372","mazowieckie"
"1373","mazowieckie"
"1374","mazowieckie"
"1375","mazowieckie"
"1376","mazowieckie"
"1377","małopolskie"
"1378","małopolskie"
"1379","małopolskie"
"1380","mazowieckie"
"1381","mazowieckie"
"1382","mazowieckie"
"1383","mazowieckie"
"1384","mazowieckie"
"1385","mazowieckie"
"1386","mazowieckie"
"1387","mazowieckie"
"1388","małopolskie"
"1389","małopolskie"
"1390","małopolskie"
"1391","mazowieckie"
"1392","mazowieckie"
"1393","mazowieckie"
"1394","mazowieckie"
"1395","mazowieckie"
"1396","mazowieckie"
"1397","mazowieckie"
"1398","mazowieckie"
"1399","mazowieckie"
"1400","mazowieckie"
"1401","mazowieckie"
"1402","małopolskie"
"1403","małopolskie"
"1404","małopolskie"
"1405","mazowieckie"
"1406","mazowieckie"
"1407","mazowieckie"
"1408","mazowieckie"
"1409","mazowieckie"
"1410","mazowieckie"
"1411","mazowieckie"
"1412","mazowieckie"
"1413","mazowieckie"
"1414","mazowieckie"
"1415","mazowieckie"
"1416","mazowieckie"
"1417","małopolskie"
"1418","małopolskie"
"1419","małopolskie"
"1420","mazowieckie"
"1421","mazowieckie"
"1422","mazowieckie"
"1423","mazowieckie"
"1424","mazowieckie"
"1425","mazowieckie"
"1426","mazowieckie"
"1427","mazowieckie"
"1428","mazowieckie"
"1429","mazowieckie"
"1430","mazowieckie"
"1431","małopolskie"
"1432","małopolskie"
"1433","małopolskie"
"1434","małopolskie"
"1435","mazowieckie"
"1436","mazowieckie"
"1437","mazowieckie"
"1438","mazowieckie"
"1439","mazowieckie"
"1440","mazowieckie"
"1441","mazowieckie"
"1442","mazowieckie"
"1443","mazowieckie"
"1444","małopolskie"
"1445","małopolskie"
"1446","małopolskie"
"1447","mazowieckie"
"1448","mazowieckie"
"1449","mazowieckie"
"1450","mazowieckie"
"1451","mazowieckie"
"1452","mazowieckie"
"1453","mazowieckie"
"1454","mazowieckie"
"1455","mazowieckie"
"1456","małopolskie"
"1457","małopolskie"
"1458","małopolskie"
"1459","łódzkie"
"1460","łódzkie"
"1461","łódzkie"
"1462","łódzkie"
"1463","mazowieckie"
"1464","mazowieckie"
"1465","mazowieckie"
"1466","mazowieckie"
"1467","mazowieckie"
"1468","mazowieckie"
"1469","mazowieckie"
"1470","mazowieckie"
"1471","łódzkie"
"1472","łódzkie"
"1473","łódzkie"
"1474","łódzkie"
"1475","łódzkie"
"1476","małopolskie"
"1477","małopolskie"
"1478","mazowieckie"
"1479","mazowieckie"
"1480","mazowieckie"
"1481","mazowieckie"
"1482","mazowieckie"
"1483","małopolskie"
"1484","małopolskie"
"1485","łódzkie"
"1486","łódzkie"
"1487","łódzkie"
"1488","łódzkie"
"1489","małopolskie"
"1490","małopolskie"
"1491","małopolskie"
"1492","mazowieckie"
"1493","mazowieckie"
"1494","mazowieckie"
"1495","małopolskie"
"1496","małopolskie"
"1497","małopolskie"
"1498","małopolskie"
"1499","łódzkie"
"1500","łódzkie"
"1501","łódzkie"
"1502","łódzkie"
"1503","łódzkie"
"1504","małopolskie"
"1505","małopolskie"
"1506","małopolskie"
"1507","małopolskie"
"1508","małopolskie"
"1509","mazowieckie"
"1510","mazowieckie"
"1511","mazowieckie"
"1512","małopolskie"
"1513","małopolskie"
"1514","małopolskie"
"1515","małopolskie"
"1516","łódzkie"
"1517","łódzkie"
"1518","małopolskie"
"1519","małopolskie"
"1520","małopolskie"
"1521","małopolskie"
"1522","mazowieckie"
"1523","mazowieckie"
"1524","mazowieckie"
"1525","małopolskie"
"1526","małopolskie"
"1527","małopolskie"
"1528","małopolskie"
"1529","łódzkie"
"1530","łódzkie"
"1531","małopolskie"
"1532","małopolskie"
"1533","małopolskie"
"1534","mazowieckie"
"1535","mazowieckie"
"1536","mazowieckie"
"1537","małopolskie"
"1538","małopolskie"
"1539","małopolskie"
"1540","małopolskie"
"1541","łódzkie"
"1542","łódzkie"
"1543","łódzkie"
"1544","łódzkie"
"1545","małopolskie"
"1546","małopolskie"
"1547","małopolskie"
"1548","mazowieckie"
"1549","mazowieckie"
"1550","mazowieckie"
"1551","małopolskie"
"1552","małopolskie"
"1553","małopolskie"
"1554","małopolskie"
"1555","łódzkie"
"1556","łódzkie"
"1557","łódzkie"
"1558","łódzkie"
"1559","łódzkie"
"1560","małopolskie"
"1561","małopolskie"
"1562","małopolskie"
"1563","małopolskie"
"1564","mazowieckie"
"1565","mazowieckie"
"1566","mazowieckie"
"1567","mazowieckie"
"1568","mazowieckie"
"1569","mazowieckie"
"1570","małopolskie"
"1571","małopolskie"
"1572","małopolskie"
"1573","łódzkie"
"1574","łódzkie"
"1575","łódzkie"
"1576","łódzkie"
"1577","mazowieckie"
"1578","mazowieckie"
"1579","mazowieckie"
"1580","mazowieckie"
"1581","mazowieckie"
"1582","mazowieckie"
"1583","mazowieckie"
"1584","mazowieckie"
"1585","mazowieckie"
"1586","mazowieckie"
"1587","małopolskie"
"1588","małopolskie"
"1589","małopolskie"
"1590","małopolskie"
"1591","łódzkie"
"1592","łódzkie"
"1593","łódzkie"
"1594","mazowieckie"
"1595","mazowieckie"
"1596","mazowieckie"
"1597","mazowieckie"
"1598","małopolskie"
"1599","małopolskie"
"1600","małopolskie"
"1601","małopolskie"
"1602","łódzkie"
"1603","łódzkie"
"1604","mazowieckie"
"1605","mazowieckie"
"1606","mazowieckie"
"1607","mazowieckie"
"1608","mazowieckie"
"1609","małopolskie"
"1610","małopolskie"
"1611","małopolskie"
"1612","małopolskie"
"1613","łódzkie"
"1614","łódzkie"
"1615","łódzkie"
"1616","łódzkie"
"1617","mazowieckie"
"1618","mazowieckie"
"1619","mazowieckie"
"1620","mazowieckie"
"1621","mazowieckie"
"1622","małopolskie"
"1623","małopolskie"
"1624","małopolskie"
"1625","małopolskie"
"1626","łódzkie"
"1627","łódzkie"
"1628","łódzkie"
"1629","mazowieckie"
"1630","mazowieckie"
"1631","mazowieckie"
"1632","mazowieckie"
"1633","mazowieckie"
"1634","mazowieckie"
"1635","mazowieckie"
"1636","małopolskie"
"1637","małopolskie"
"1638","małopolskie"
"1639","łódzkie"
"1640","łódzkie"
"1641","łódzkie"
"1642","mazowieckie"
"1643","mazowieckie"
"1644","mazowieckie"
"1645","mazowieckie"
"1646","mazowieckie"
"1647","mazowieckie"
"1648","małopolskie"
"1649","małopolskie"
"1650","łódzkie"
"1651","łódzkie"
"1652","łódzkie"
"1653","mazowieckie"
"1654","mazowieckie"
"1655","mazowieckie"
"1656","mazowieckie"
"1657","mazowieckie"
"1658","mazowieckie"
"1659","łódzkie"
"1660","łódzkie"
"1661","łódzkie"
"1662","łódzkie"
"1663","łódzkie"
"1664","łódzkie"
"1665","łódzkie"
"1666","mazowieckie"
"1667","mazowieckie"
"1668","mazowieckie"
"1669","mazowieckie"
"1670","mazowieckie"
"1671","mazowieckie"
"1672","mazowieckie"
"1673","mazowieckie"
"1674","łódzkie"
"1675","łódzkie"
"1676","łódzkie"
"1677","łódzkie"
"1678","łódzkie"
"1679","łódzkie"
"1680","podkarpackie"
"1681","podkarpackie"
"1682","śląskie"
"1683","śląskie"
"1684","wielkopolskie"
"1685","podkarpackie"
"1686","podkarpackie"
"1687","śląskie"
"1688","śląskie"
"1689","śląskie"
"1690","świętokrzyskie"
"1691","podkarpackie"
"1692","opolskie"
"1693","opolskie"
"1694","podkarpackie"
"1695","podkarpackie"
"1696","podkarpackie"
"1697","podkarpackie"
"1698","śląskie"
"1699","śląskie"
"1700","śląskie"
"1701","śląskie"
"1702","śląskie"
"1703","podkarpackie"
"1704","podkarpackie"
"1705","podkarpackie"
"1706","śląskie"
"1707","opolskie"
"1708","opolskie"
"1709","opolskie"
"1710","podkarpackie"
"1711","podkarpackie"
"1712","podkarpackie"
"1713","śląskie"
"1714","śląskie"
"1715","śląskie"
"1716","śląskie"
"1717","śląskie"
"1718","podlaskie"
"1719","podlaskie"
"1720","podlaskie"
"1721","podlaskie"
"1722","opolskie"
"1723","opolskie"
"1724","śląskie"
"1725","podkarpackie"
"1726","podkarpackie"
"1727","podkarpackie"
"1728","podkarpackie"
"1729","śląskie"
"1730","śląskie"
"1731","śląskie"
"1732","śląskie"
"1733","podkarpackie"
"1734","podlaskie"
"1735","podlaskie"
"1736","wielkopolskie"
"1737","opolskie"
"1738","opolskie"
"1739","opolskie"
"1740","podkarpackie"
"1741","podkarpackie"
"1742","podkarpackie"
"1743","świętokrzyskie"
"1744","śląskie"
"1745","śląskie"
"1746","śląskie"
"1747","podlaskie"
"1748","podlaskie"
"1749","podlaskie"
"1750","opolskie"
"1751","opolskie"
"1752","śląskie"
"1753","opolskie"
"1754","świętokrzyskie"
"1755","świętokrzyskie"
"1756","śląskie"
"1757","śląskie"
"1758","śląskie"
"1759","podlaskie"
"1760","podlaskie"
"1761","podlaskie"
"1762","opolskie"
"1763","opolskie"
"1764","opolskie"
"1765","śląskie"
"1766","śląskie"
"1767","śląskie"
"1768","śląskie"
"1769","śląskie"
"1770","śląskie"
"1771","śląskie"
"1772","śląskie"
"1773","śląskie"
"1774","podlaskie"
"1775","podlaskie"
"1776","podlaskie"
"1777","opolskie"
"1778","opolskie"
"1779","opolskie"
"1780","śląskie"
"1781","śląskie"
"1782","śląskie"
"1783","śląskie"
"1784","śląskie"
"1785","śląskie"
"1786","śląskie"
"1787","podlaskie"
"1788","podlaskie"
"1789","podlaskie"
"1790","podlaskie"
"1791","podkarpackie"
"1792","podkarpackie"
"1793","podkarpackie"
"1794","podkarpackie"
"1795","podkarpackie"
"1796","podkarpackie"
"1797","śląskie"
"1798","śląskie"
"1799","śląskie"
"1800","śląskie"
"1801","śląskie"
"1802","śląskie"
"1803","śląskie"
"1804","podlaskie"
"1805","podlaskie"
"1806","podkarpackie"
"1807","podkarpackie"
"1808","podkarpackie"
"1809","podkarpackie"
"1810","śląskie"
"1811","śląskie"
"1812","śląskie"
"1813","śląskie"
"1814","śląskie"
"1815","śląskie"
"1816","śląskie"
"1817","podlaskie"
"1818","podlaskie"
"1819","podlaskie"
"1820","podlaskie"
"1821","podlaskie"
"1822","podkarpackie"
"1823","podkarpackie"
"1824","podkarpackie"
"1825","śląskie"
"1826","śląskie"
"1827","śląskie"
"1828","śląskie"
"1829","śląskie"
"1830","śląskie"
"1831","śląskie"
"1832","śląskie"
"1833","śląskie"
"1834","podlaskie"
"1835","podlaskie"
"1836","podlaskie"
"1837","podkarpackie"
"1838","podkarpackie"
"1839","podkarpackie"
"1840","podkarpackie"
"1841","podkarpackie"
"1842","śląskie"
"1843","śląskie"
"1844","śląskie"
"1845","śląskie"
"1846","śląskie"
"1847","śląskie"
"1848","śląskie"
"1849","śląskie"
"1850","podlaskie"
"1851","podlaskie"
"1852","podlaskie"
"1853","podkarpackie"
"1854","podkarpackie"
"1855","podkarpackie"
"1856","podkarpackie"
"1857","śląskie"
"1858","śląskie"
"1859","śląskie"
"1860","śląskie"
"1861","śląskie"
"1862","śląskie"
"1863","śląskie"
"1864","śląskie"
"1865","podlaskie"
"1866","podlaskie"
"1867","podlaskie"
"1868","podlaskie"
"1869","podkarpackie"
"1870","podkarpackie"
"1871","podkarpackie"
"1872","podkarpackie"
"1873","śląskie"
"1874","śląskie"
"1875","śląskie"
"1876","śląskie"
"1877","śląskie"
"1878","podkarpackie"
"1879","podkarpackie"
"1880","podkarpackie"
"1881","podlaskie"
"1882","podlaskie"
"1883","podkarpackie"
"1884","podkarpackie"
"1885","podkarpackie"
"1886","śląskie"
"1887","śląskie"
"1888","śląskie"
"1889","śląskie"
"1890","podkarpackie"
"1891","podkarpackie"
"1892","podkarpackie"
"1893","podlaskie"
"1894","podlaskie"
"1895","podlaskie"
"1896","podlaskie"
"1897","podlaskie"
"1898","podkarpackie"
"1899","podkarpackie"
"1900","podkarpackie"
"1901","podkarpackie"
"1902","podkarpackie"
"1903","podkarpackie"
"1904","podkarpackie"
"1905","podkarpackie"
"1906","podkarpackie"
"1907","podkarpackie"
"1908","podkarpackie"
"1909","śląskie"
"1910","śląskie"
"1911","śląskie"
"1912","śląskie"
"1913","śląskie"
"1914","podkarpackie"
"1915","podkarpackie"
"1916","podkarpackie"
"1917","podkarpackie"
"1918","warmińsko-mazurskie"
"1919","podkarpackie"
"1920","podkarpackie"
"1921","podkarpackie"
"1922","opolskie"
"1923","opolskie"
"1924","opolskie"
"1925","opolskie"
"1926","podkarpackie"
"1927","podkarpackie"
"1928","podkarpackie"
"1929","mazowieckie"
"1930","mazowieckie"
"1931","mazowieckie"
"1932","opolskie"
"1933","opolskie"
"1934","opolskie"
"1935","podkarpackie"
"1936","podkarpackie"
"1937","podkarpackie"
"1938","opolskie"
"1939","opolskie"
"1940","podkarpackie"
"1941","podkarpackie"
"1942","podkarpackie"
"1943","podkarpackie"
"1944","opolskie"
"1945","opolskie"
"1946","opolskie"
"1947","opolskie"
"1948","podkarpackie"
"1949","podkarpackie"
"1950","podkarpackie"
"1951","opolskie"
"1952","opolskie"
"1953","podkarpackie"
"1954","podkarpackie"
"1955","podkarpackie"
"1956","podkarpackie"
"1957","śląskie"
"1958","opolskie"
"1959","opolskie"
"1960","opolskie"
"1961","podkarpackie"
"1962","podkarpackie"
"1963","podkarpackie"
"1964","opolskie"
"1965","opolskie"
"1966","opolskie"
"1967","mazowieckie"
"1968","mazowieckie"
"1969","mazowieckie"
"1970","opolskie"
"1971","opolskie"
"1972","podkarpackie"
"1973","podkarpackie"
"1974","podkarpackie"
"1975","podlaskie"
"1976","opolskie"
"1977","mazowieckie"
"1978","mazowieckie"
"1979","mazowieckie"
"1980","opolskie"
"1981","opolskie"
"1982","opolskie"
"1983","opolskie"
"1984","mazowieckie"
"1985","mazowieckie"
"1986","śląskie"
"1987","śląskie"
"1988","opolskie"
"1989","mazowieckie"
"1990","mazowieckie"
"1991","opolskie"
"1992","opolskie"
"1993","mazowieckie"
"1994","mazowieckie"
"1995","mazowieckie"
"1996","mazowieckie"
"1997","śląskie"
"1998","opolskie"
"1999","opolskie"
"2000","świętokrzyskie"
"2001","świętokrzyskie"
"2002","opolskie"
"2003","opolskie"
"2004","opolskie"
"2005","mazowieckie"
"2006","mazowieckie"
"2007","mazowieckie"
"2008","mazowieckie"
"2009","opolskie"
"2010","opolskie"
"2011","opolskie"
"2012","opolskie"
"2013","opolskie"
"2014","opolskie"
"2015","świętokrzyskie"
"2016","świętokrzyskie"
"2017","opolskie"
"2018","opolskie"
"2019","opolskie"
"2020","opolskie"
"2021","mazowieckie"
"2022","mazowieckie"
"2023","podlaskie"
"2024","opolskie"
"2025","opolskie"
"2026","opolskie"
"2027","opolskie"
"2028","świętokrzyskie"
"2029","świętokrzyskie"
"2030","świętokrzyskie"
"2031","świętokrzyskie"
"2032","opolskie"
"2033","opolskie"
"2034","opolskie"
"2035","opolskie"
"2036","podlaskie"
"2037","podlaskie"
"2038","podlaskie"
"2039","podlaskie"
"2040","opolskie"
"2041","małopolskie"
"2042","lubelskie"
"2043","świętokrzyskie"
"2044","warmińsko-mazurskie"
"2045","warmińsko-mazurskie"
"2046","opolskie"
"2047","opolskie"
"2048","podkarpackie"
"2049","podlaskie"
"2050","podlaskie"
"2051","opolskie"
"2052","opolskie"
"2053","opolskie"
"2054","warmińsko-mazurskie"
"2055","warmińsko-mazurskie"
"2056","warmińsko-mazurskie"
"2057","warmińsko-mazurskie"
"2058","warmińsko-mazurskie"
"2059","mazowieckie"
"2060","podkarpackie"
"2061","podkarpackie"
"2062","podlaskie"
"2063","opolskie"
"2064","opolskie"
"2065","opolskie"
"2066","mazowieckie"
"2067","mazowieckie"
"2068","podkarpackie"
"2069","podkarpackie"
"2070","podkarpackie"
"2071","podkarpackie"
"2072","podkarpackie"
"2073","podlaskie"
"2074","podlaskie"
"2075","lubelskie"
"2076","podlaskie"
"2077","podkarpackie"
"2078","podkarpackie"
"2079","podkarpackie"
"2080","podkarpackie"
"2081","podkarpackie"
"2082","podkarpackie"
"2083","podlaskie"
"2084","podlaskie"
"2085","mazowieckie"
"2086","opolskie"
"2087","podkarpackie"
"2088","podkarpackie"
"2089","podkarpackie"
"2090","podkarpackie"
"2091","podkarpackie"
"2092","podkarpackie"
"2093","podkarpackie"
"2094","podkarpackie"
"2095","podkarpackie"
"2096","opolskie"
"2097","opolskie"
"2098","opolskie"
"2099","opolskie"
"2100","opolskie"
"2101","podkarpackie"
"2102","podkarpackie"
"2103","podkarpackie"
"2104","podkarpackie"
"2105","podkarpackie"
"2106","pomorskie"
"2107","pomorskie"
"2108","podlaskie"
"2109","warmińsko-mazurskie"
"2110","warmińsko-mazurskie"
"2111","śląskie"
"2112","śląskie"
"2113","śląskie"
"2114","śląskie"
"2115","śląskie"
"2116","pomorskie"
"2117","pomorskie"
"2118","pomorskie"
"2119","pomorskie"
"2120","pomorskie"
"2121","pomorskie"
"2122","pomorskie"
"2123","warmińsko-mazurskie"
"2124","warmińsko-mazurskie"
"2125","warmińsko-mazurskie"
"2126","warmińsko-mazurskie"
"2127","śląskie"
"2128","śląskie"
"2129","śląskie"
"2130","pomorskie"
"2131","pomorskie"
"2132","pomorskie"
"2133","pomorskie"
"2134","pomorskie"
"2135","pomorskie"
"2136","pomorskie"
"2137","pomorskie"
"2138","warmińsko-mazurskie"
"2139","warmińsko-mazurskie"
"2140","warmińsko-mazurskie"
"2141","warmińsko-mazurskie"
"2142","warmińsko-mazurskie"
"2143","warmińsko-mazurskie"
"2144","warmińsko-mazurskie"
"2145","warmińsko-mazurskie"
"2146","śląskie"
"2147","śląskie"
"2148","śląskie"
"2149","śląskie"
"2150","pomorskie"
"2151","pomorskie"
"2152","pomorskie"
"2153","pomorskie"
"2154","pomorskie"
"2155","pomorskie"
"2156","pomorskie"
"2157","warmińsko-mazurskie"
"2158","warmińsko-mazurskie"
"2159","warmińsko-mazurskie"
"2160","warmińsko-mazurskie"
"2161","świętokrzyskie"
"2162","śląskie"
"2163","śląskie"
"2164","śląskie"
"2165","śląskie"
"2166","pomorskie"
"2167","pomorskie"
"2168","pomorskie"
"2169","pomorskie"
"2170","wielkopolskie"
"2171","wielkopolskie"
"2172","świętokrzyskie"
"2173","świętokrzyskie"
"2174","śląskie"
"2175","śląskie"
"2176","śląskie"
"2177","śląskie"
"2178","pomorskie"
"2179","pomorskie"
"2180","pomorskie"
"2181","pomorskie"
"2182","pomorskie"
"2183","pomorskie"
"2184","pomorskie"
"2185","świętokrzyskie"
"2186","świętokrzyskie"
"2187","świętokrzyskie"
"2188","świętokrzyskie"
"2189","śląskie"
"2190","śląskie"
"2191","śląskie"
"2192","pomorskie"
"2193","pomorskie"
"2194","pomorskie"
"2195","wielkopolskie"
"2196","wielkopolskie"
"2197","wielkopolskie"
"2198","wielkopolskie"
"2199","wielkopolskie"
"2200","świętokrzyskie"
"2201","świętokrzyskie"
"2202","świętokrzyskie"
"2203","śląskie"
"2204","śląskie"
"2205","śląskie"
"2206","śląskie"
"2207","śląskie"
"2208","pomorskie"
"2209","zachodniopomorskie"
"2210","pomorskie"
"2211","wielkopolskie"
"2212","wielkopolskie"
"2213","wielkopolskie"
"2214","świętokrzyskie"
"2215","świętokrzyskie"
"2216","świętokrzyskie"
"2217","śląskie"
"2218","śląskie"
"2219","śląskie"
"2220","śląskie"
"2221","śląskie"
"2222","pomorskie"
"2223","pomorskie"
"2224","pomorskie"
"2225","pomorskie"
"2226","pomorskie"
"2227","wielkopolskie"
"2228","wielkopolskie"
"2229","świętokrzyskie"
"2230","świętokrzyskie"
"2231","świętokrzyskie"
"2232","świętokrzyskie"
"2233","śląskie"
"2234","śląskie"
"2235","śląskie"
"2236","pomorskie"
"2237","pomorskie"
"2238","pomorskie"
"2239","wielkopolskie"
"2240","wielkopolskie"
"2241","świętokrzyskie"
"2242","świętokrzyskie"
"2243","świętokrzyskie"
"2244","świętokrzyskie"
"2245","świętokrzyskie"
"2246","świętokrzyskie"
"2247","śląskie"
"2248","śląskie"
"2249","śląskie"
"2250","pomorskie"
"2251","pomorskie"
"2252","pomorskie"
"2253","pomorskie"
"2254","pomorskie"
"2255","pomorskie"
"2256","pomorskie"
"2257","pomorskie"
"2258","pomorskie"
"2259","pomorskie"
"2260","pomorskie"
"2261","świętokrzyskie"
"2262","świętokrzyskie"
"2263","śląskie"
"2264","śląskie"
"2265","śląskie"
"2266","pomorskie"
"2267","pomorskie"
"2268","pomorskie"
"2269","wielkopolskie"
"2270","wielkopolskie"
"2271","wielkopolskie"
"2272","wielkopolskie"
"2273","świętokrzyskie"
"2274","świętokrzyskie"
"2275","świętokrzyskie"
"2276","śląskie"
"2277","śląskie"
"2278","śląskie"
"2279","pomorskie"
"2280","pomorskie"
"2281","wielkopolskie"
"2282","wielkopolskie"
"2283","świętokrzyskie"
"2284","świętokrzyskie"
"2285","świętokrzyskie"
"2286","śląskie"
"2287","śląskie"
"2288","pomorskie"
"2289","pomorskie"
"2290","pomorskie"
"2291","pomorskie"
"2292","pomorskie"
"2293","pomorskie"
"2294","pomorskie"
"2295","pomorskie"
"2296","pomorskie"
"2297","pomorskie"
"2298","świętokrzyskie"
"2299","świętokrzyskie"
"2300","śląskie"
"2301","śląskie"
"2302","świętokrzyskie"
"2303","pomorskie"
"2304","pomorskie"
"2305","pomorskie"
"2306","pomorskie"
"2307","wielkopolskie"
"2308","wielkopolskie"
"2309","wielkopolskie"
"2310","wielkopolskie"
"2311","wielkopolskie"
"2312","świętokrzyskie"
"2313","świętokrzyskie"
"2314","pomorskie"
"2315","pomorskie"
"2316","pomorskie"
"2317","pomorskie"
"2318","wielkopolskie"
"2319","wielkopolskie"
"2320","świętokrzyskie"
"2321","świętokrzyskie"
"2322","świętokrzyskie"
"2323","podlaskie"
"2324","podlaskie"
"2325","podlaskie"
"2326","podkarpackie"
"2327","podkarpackie"
"2328","świętokrzyskie"
"2329","pomorskie"
"2330","pomorskie"
"2331","pomorskie"
"2332","pomorskie"
"2333","podlaskie"
"2334","podlaskie"
"2335","podlaskie"
"2336","podlaskie"
"2337","podlaskie"
"2338","świętokrzyskie"
"2339","świętokrzyskie"
"2340","świętokrzyskie"
"2341","pomorskie"
"2342","pomorskie"
"2343","pomorskie"
"2344","podlaskie"
"2345","podlaskie"
"2346","podlaskie"
"2347","podlaskie"
"2348","podlaskie"
"2349","podlaskie"
"2350","świętokrzyskie"
"2351","świętokrzyskie"
"2352","warmińsko-mazurskie"
"2353","warmińsko-mazurskie"
"2354","warmińsko-mazurskie"
"2355","pomorskie"
"2356","pomorskie"
"2357","pomorskie"
"2358","pomorskie"
"2359","podlaskie"
"2360","podlaskie"
"2361","podlaskie"
"2362","podlaskie"
"2363","podlaskie"
"2364","podlaskie"
"2365","warmińsko-mazurskie"
"2366","warmińsko-mazurskie"
"2367","pomorskie"
"2368","pomorskie"
"2369","pomorskie"
"2370","świętokrzyskie"
"2371","podlaskie"
"2372","podlaskie"
"2373","podlaskie"
"2374","podlaskie"
"2375","podlaskie"
"2376","podlaskie"
"2377","podlaskie"
"2378","podlaskie"
"2379","warmińsko-mazurskie"
"2380","wielkopolskie"
"2381","zachodniopomorskie"
"2382","zachodniopomorskie"
"2383","zachodniopomorskie"
"2384","świętokrzyskie"
"2385","warmińsko-mazurskie"
"2386","podlaskie"
"2387","podlaskie"
"2388","podlaskie"
"2389","podlaskie"
"2390","podlaskie"
"2391","zachodniopomorskie"
"2392","zachodniopomorskie"
"2393","zachodniopomorskie"
"2394","pomorskie"
"2395","śląskie"
"2396","śląskie"
"2397","śląskie"
"2398","śląskie"
"2399","świętokrzyskie"
"2400","świętokrzyskie"
"2401","świętokrzyskie"
"2402","podlaskie"
"2403","podlaskie"
"2404","podlaskie"
"2405","podlaskie"
"2406","podlaskie"
"2407","podlaskie"
"2408","podlaskie"
"2409","podlaskie"
"2410","podlaskie"
"2411","podlaskie"
"2412","podlaskie"
"2413","podlaskie"
"2414","śląskie"
"2415","śląskie"
"2416","śląskie"
"2417","śląskie"
"2418","warmińsko-mazurskie"
"2419","warmińsko-mazurskie"
"2420","podlaskie"
"2421","podlaskie"
"2422","podlaskie"
"2423","podkarpackie"
"2424","śląskie"
"2425","świętokrzyskie"
"2426","pomorskie"
"2427","pomorskie"
"2428","warmińsko-mazurskie"
"2429","warmińsko-mazurskie"
"2430","warmińsko-mazurskie"
"2431","podlaskie"
"2432","podlaskie"
"2433","podlaskie"
"2434","podkarpackie"
"2435","podkarpackie"
"2436","podkarpackie"
"2437","podkarpackie"
"2438","podkarpackie"
"2439","pomorskie"
"2440","pomorskie"
"2441","pomorskie"
"2442","pomorskie"
"2443","świętokrzyskie"
"2444","warmińsko-mazurskie"
"2445","warmińsko-mazurskie"
"2446","warmińsko-mazurskie"
"2447","podlaskie"
"2448","podlaskie"
"2449","podlaskie"
"2450","podkarpackie"
"2451","podkarpackie"
"2452","podkarpackie"
"2453","podkarpackie"
"2454","pomorskie"
"2455","pomorskie"
"2456","pomorskie"
"2457","pomorskie"
"2458","warmińsko-mazurskie"
"2459","warmińsko-mazurskie"
"2460","warmińsko-mazurskie"
"2461","warmińsko-mazurskie"
"2462","podlaskie"
"2463","podlaskie"
"2464","podlaskie"
"2465","podlaskie"
"2466","podlaskie"
"2467","podlaskie"
"2468","podkarpackie"
"2469","podkarpackie"
"2470","podkarpackie"
"2471","podkarpackie"
"2472","podkarpackie"
"2473","podkarpackie"
"2474","pomorskie"
"2475","pomorskie"
"2476","pomorskie"
"2477","świętokrzyskie"
"2478","świętokrzyskie"
"2479","świętokrzyskie"
"2480","świętokrzyskie"
"2481","podlaskie"
"2482","podlaskie"
"2483","podlaskie"
"2484","podkarpackie"
"2485","podkarpackie"
"2486","podkarpackie"
"2487","pomorskie"
"2488","pomorskie"
"2489","pomorskie"
"2490","pomorskie"
"2491","pomorskie"
"2492","pomorskie"
"2493","pomorskie"
"2494","warmińsko-mazurskie"
"2495","warmińsko-mazurskie"
"2496","podlaskie"
"2497","podlaskie"
"2498","podlaskie"
"2499","podlaskie"
"2500","podkarpackie"
"2501","podkarpackie"
"2502","podkarpackie"
"2503","podkarpackie"
"2504","pomorskie"
"2505","pomorskie"
"2506","pomorskie"
"2507","pomorskie"
"2508","warmińsko-mazurskie"
"2509","warmińsko-mazurskie"
"2510","warmińsko-mazurskie"
"2511","warmińsko-mazurskie"
"2512","podlaskie"
"2513","podlaskie"
"2514","podlaskie"
"2515","podlaskie"
"2516","podkarpackie"
"2517","podkarpackie"
"2518","podkarpackie"
"2519","pomorskie"
"2520","pomorskie"
"2521","pomorskie"
"2522","pomorskie"
"2523","świętokrzyskie"
"2524","świętokrzyskie"
"2525","świętokrzyskie"
"2526","świętokrzyskie"
"2527","podlaskie"
"2528","podlaskie"
"2529","podlaskie"
"2530","podlaskie"
"2531","podlaskie"
"2532","podkarpackie"
"2533","podkarpackie"
"2534","podkarpackie"
"2535","podkarpackie"
"2536","pomorskie"
"2537","pomorskie"
"2538","pomorskie"
"2539","warmińsko-mazurskie"
"2540","warmińsko-mazurskie"
"2541","warmińsko-mazurskie"
"2542","warmińsko-mazurskie"
"2543","warmińsko-mazurskie"
"2544","podlaskie"
"2545","podlaskie"
"2546","podkarpackie"
"2547","podkarpackie"
"2548","podkarpackie"
"2549","podkarpackie"
"2550","pomorskie"
"2551","pomorskie"
"2552","warmińsko-mazurskie"
"2553","warmińsko-mazurskie"
"2554","warmińsko-mazurskie"
"2555","podlaskie"
"2556","podlaskie"
"2557","podlaskie"
"2558","wielkopolskie"
"2559","wielkopolskie"
"2560","wielkopolskie"
"2561","zachodniopomorskie"
"2562","zachodniopomorskie"
"2563","zachodniopomorskie"
"2564","zachodniopomorskie"
"2565","zachodniopomorskie"
"2566","zachodniopomorskie"
"2567","zachodniopomorskie"
"2568","zachodniopomorskie"
"2569","zachodniopomorskie"
"2570","zachodniopomorskie"
"2571","zachodniopomorskie"
"2572","zachodniopomorskie"
"2573","zachodniopomorskie"
"2574","zachodniopomorskie"
"2575","wielkopolskie"
"2576","wielkopolskie"
"2577","wielkopolskie"
"2578","wielkopolskie"
"2579","wielkopolskie"
"2580","zachodniopomorskie"
"2581","zachodniopomorskie"
"2582","zachodniopomorskie"
"2583","zachodniopomorskie"
"2584","zachodniopomorskie"
"2585","zachodniopomorskie"
"2586","zachodniopomorskie"
"2587","zachodniopomorskie"
"2588","zachodniopomorskie"
"2589","zachodniopomorskie"
"2590","zachodniopomorskie"
"2591","zachodniopomorskie"
"2592","zachodniopomorskie"
"2593","zachodniopomorskie"
"2594","zachodniopomorskie"
"2595","zachodniopomorskie"
"2596","wielkopolskie"
"2597","wielkopolskie"
"2598","wielkopolskie"
"2599","zachodniopomorskie"
"2600","zachodniopomorskie"
"2601","zachodniopomorskie"
"2602","zachodniopomorskie"
"2603","zachodniopomorskie"
"2604","zachodniopomorskie"
"2605","zachodniopomorskie"
"2606","zachodniopomorskie"
"2607","zachodniopomorskie"
"2608","wielkopolskie"
"2609","wielkopolskie"
"2610","wielkopolskie"
"2611","wielkopolskie"
"2612","wielkopolskie"
"2613","zachodniopomorskie"
"2614","zachodniopomorskie"
"2615","zachodniopomorskie"
"2616","zachodniopomorskie"
"2617","zachodniopomorskie"
"2618","zachodniopomorskie"
"2619","zachodniopomorskie"
"2620","zachodniopomorskie"
"2621","zachodniopomorskie"
"2622","zachodniopomorskie"
"2623","zachodniopomorskie"
"2624","zachodniopomorskie"
"2625","wielkopolskie"
"2626","świętokrzyskie"
"2627","zachodniopomorskie"
"2628","zachodniopomorskie"
"2629","zachodniopomorskie"
"2630","zachodniopomorskie"
"2631","wielkopolskie"
"2632","zachodniopomorskie"
"2633","zachodniopomorskie"
"2634","zachodniopomorskie"
"2635","zachodniopomorskie"
"2636","zachodniopomorskie"
"2637","zachodniopomorskie"
"2638","zachodniopomorskie"
"2639","zachodniopomorskie"
"2640","zachodniopomorskie"
"2641","zachodniopomorskie"
"2642","zachodniopomorskie"
"2643","wielkopolskie"
"2644","wielkopolskie"
"2645","wielkopolskie"
"2646","wielkopolskie"
"2647","wielkopolskie"
"2648","zachodniopomorskie"
"2649","zachodniopomorskie"
"2650","zachodniopomorskie"
"2651","zachodniopomorskie"
"2652","zachodniopomorskie"
"2653","zachodniopomorskie"
"2654","zachodniopomorskie"
"2655","wielkopolskie"
"2656","wielkopolskie"
"2657","wielkopolskie"
"2658","wielkopolskie"
"2659","wielkopolskie"
"2660","zachodniopomorskie"
"2661","zachodniopomorskie"
"2662","zachodniopomorskie"
"2663","wielkopolskie"
"2664","wielkopolskie"
"2665","wielkopolskie"
"2666","łódzkie"
"2667","łódzkie"
"2668","wielkopolskie"
"2669","łódzkie"
"2670","zachodniopomorskie"
"2671","zachodniopomorskie"
"2672","zachodniopomorskie"
"2673","zachodniopomorskie"
"2674","wielkopolskie"
"2675","wielkopolskie"
"2676","wielkopolskie"
"2677","wielkopolskie"
"2678","wielkopolskie"
"2679","małopolskie"
"2680","małopolskie"
"2681","zachodniopomorskie"
"2682","zachodniopomorskie"
"2683","zachodniopomorskie"
"2684","zachodniopomorskie"
"2685","zachodniopomorskie"
"2686","zachodniopomorskie"
"2687","zachodniopomorskie"
"2688","wielkopolskie"
"2689","wielkopolskie"
"2690","wielkopolskie"
"2691","wielkopolskie"
"2692","wielkopolskie"
"2693","wielkopolskie"
"2694","wielkopolskie"
"2695","mazowieckie"
"2696","mazowieckie"
"2697","małopolskie"
"2698","małopolskie"
"2699","małopolskie"
"2700","świętokrzyskie"
"2701","zachodniopomorskie"
"2702","zachodniopomorskie"
"2703","wielkopolskie"
"2704","wielkopolskie"
"2705","wielkopolskie"
"2706","wielkopolskie"
"2707","wielkopolskie"
"2708","wielkopolskie"
"2709","wielkopolskie"
"2710","wielkopolskie"
"2711","wielkopolskie"
"2712","podkarpackie"
"2713","małopolskie"
"2714","małopolskie"
"2715","zachodniopomorskie"
"2716","zachodniopomorskie"
"2717","zachodniopomorskie"
"2718","zachodniopomorskie"
"2719","wielkopolskie"
"2720","wielkopolskie"
"2721","wielkopolskie"
"2722","wielkopolskie"
"2723","wielkopolskie"
"2724","wielkopolskie"
"2725","wielkopolskie"
"2726","wielkopolskie"
"2727","małopolskie"
"2728","podlaskie"
"2729","podlaskie"
"2730","zachodniopomorskie"
"2731","zachodniopomorskie"
"2732","zachodniopomorskie"
"2733","zachodniopomorskie"
"2734","zachodniopomorskie"
"2735","zachodniopomorskie"
"2736","zachodniopomorskie"
"2737","wielkopolskie"
"2738","wielkopolskie"
"2739","wielkopolskie"
"2740","wielkopolskie"
"2741","wielkopolskie"
"2742","opolskie"
"2743","opolskie"
"2744","podlaskie"
"2745","podkarpackie"
"2746","zachodniopomorskie"
"2747","zachodniopomorskie"
"2748","zachodniopomorskie"
"2749","wielkopolskie"
"2750","wielkopolskie"
"2751","wielkopolskie"
"2752","wielkopolskie"
"2753","wielkopolskie"
"2754","wielkopolskie"
"2755","małopolskie"
"2756","małopolskie"
"2757","podkarpackie"
"2758","zachodniopomorskie"
"2759","zachodniopomorskie"
"2760","zachodniopomorskie"
"2761","zachodniopomorskie"
"2762","zachodniopomorskie"
"2763","wielkopolskie"
"2764","wielkopolskie"
"2765","wielkopolskie"
"2766","wielkopolskie"
"2767","wielkopolskie"
"2768","wielkopolskie"
"2769","wielkopolskie"
"2770","wielkopolskie"
"2771","podkarpackie"
"2772","podkarpackie"
"2773","podkarpackie"
"2774","zachodniopomorskie"
"2775","zachodniopomorskie"
"2776","zachodniopomorskie"
"2777","zachodniopomorskie"
"2778","zachodniopomorskie"
"2779","wielkopolskie"
"2780","wielkopolskie"
"2781","wielkopolskie"
"2782","wielkopolskie"
"2783","wielkopolskie"
"2784","opolskie"
"2785","śląskie"
"2786","zachodniopomorskie"
"2787","zachodniopomorskie"
"2788","zachodniopomorskie"
"2789","zachodniopomorskie"
"2790","warmińsko-mazurskie"
"2791","warmińsko-mazurskie"
"2792","warmińsko-mazurskie"
"2793","warmińsko-mazurskie"
"2794","wielkopolskie"
"2795","wielkopolskie"
"2796","wielkopolskie"
"2797","wielkopolskie"
"2798","wielkopolskie"
"2799","wielkopolskie"
"2800","wielkopolskie"
"2801","warmińsko-mazurskie"
"2802","warmińsko-mazurskie"
"2803","warmińsko-mazurskie"
"2804","warmińsko-mazurskie"
"2805","warmińsko-mazurskie"
"2806","wielkopolskie"
"2807","wielkopolskie"
"2808","wielkopolskie"
"2809","wielkopolskie"
"2810","wielkopolskie"
"2811","wielkopolskie"
"2812","wielkopolskie"
"2813","wielkopolskie"
"2814","wielkopolskie"
"2815","warmińsko-mazurskie"
"2816","warmińsko-mazurskie"
"2817","warmińsko-mazurskie"
"2818","warmińsko-mazurskie"
"2819","warmińsko-mazurskie"
"2820","warmińsko-mazurskie"
"2821","warmińsko-mazurskie"
"2822","warmińsko-mazurskie"
"2823","warmińsko-mazurskie"
"2824","wielkopolskie"
"2825","wielkopolskie"
"2826","wielkopolskie"
"2827","wielkopolskie"
"2828","wielkopolskie"
"2829","wielkopolskie"
"2830","warmińsko-mazurskie"
"2831","warmińsko-mazurskie"
"2832","warmińsko-mazurskie"
"2833","warmińsko-mazurskie"
"2834","warmińsko-mazurskie"
"2835","warmińsko-mazurskie"
"2836","warmińsko-mazurskie"
"2837","warmińsko-mazurskie"
"2838","warmińsko-mazurskie"
"2839","warmińsko-mazurskie"
"2840","warmińsko-mazurskie"
"2841","wielkopolskie"
"2842","wielkopolskie"
"2843","wielkopolskie"
"2844","wielkopolskie"
"2845","wielkopolskie"
"2846","wielkopolskie"
"2847","wielkopolskie"
"2848","wielkopolskie"
"2849","wielkopolskie"
"2850","warmińsko-mazurskie"
"2851","warmińsko-mazurskie"
"2852","warmińsko-mazurskie"
"2853","warmińsko-mazurskie"
"2854","warmińsko-mazurskie"
"2855","warmińsko-mazurskie"
"2856","świętokrzyskie"
"2857","wielkopolskie"
"2858","wielkopolskie"
"2859","wielkopolskie"
"2860","wielkopolskie"
"2861","wielkopolskie"
"2862","warmińsko-mazurskie"
"2863","warmińsko-mazurskie"
"2864","warmińsko-mazurskie"
"2865","warmińsko-mazurskie"
"2866","warmińsko-mazurskie"
"2867","warmińsko-mazurskie"
"2868","warmińsko-mazurskie"
"2869","świętokrzyskie"
"2870","świętokrzyskie"
"2871","świętokrzyskie"
"2872","świętokrzyskie"
"2873","wielkopolskie"
"2874","wielkopolskie"
"2875","wielkopolskie"
"2876","wielkopolskie"
"2877","wielkopolskie"
"2878","wielkopolskie"
"2879","warmińsko-mazurskie"
"2880","warmińsko-mazurskie"
"2881","warmińsko-mazurskie"
"2882","świętokrzyskie"
"2883","świętokrzyskie"
"2884","świętokrzyskie"
"2885","świętokrzyskie"
"2886","świętokrzyskie"
"2887","wielkopolskie"
"2888","wielkopolskie"
"2889","wielkopolskie"
"2890","wielkopolskie"
"2891","wielkopolskie"
"2892","wielkopolskie"
"2893","wielkopolskie"
"2894","wielkopolskie"
"2895","warmińsko-mazurskie"
"2896","warmińsko-mazurskie"
"2897","warmińsko-mazurskie"
"2898","świętokrzyskie"
"2899","świętokrzyskie"
"2900","świętokrzyskie"
"2901","świętokrzyskie"
"2902","wielkopolskie"
"2903","wielkopolskie"
"2904","wielkopolskie"
"2905","wielkopolskie"
"2906","wielkopolskie"
"2907","wielkopolskie"
"2908","wielkopolskie"
"2909","zachodniopomorskie"
"2910","świętokrzyskie"
"2911","świętokrzyskie"
"2912","świętokrzyskie"
"2913","świętokrzyskie"
"2914","świętokrzyskie"
"2915","świętokrzyskie"
"2916","wielkopolskie"
"2917","wielkopolskie"
"2918","wielkopolskie"
"2919","wielkopolskie"
"2920","wielkopolskie"
"2921","wielkopolskie"
"2922","wielkopolskie"
"2923","wielkopolskie"
"2924","świętokrzyskie"
"2925","świętokrzyskie"
"2926","świętokrzyskie"
"2927","świętokrzyskie"
"2928","świętokrzyskie"
"2929","świętokrzyskie"
"2930","świętokrzyskie"
"2931","świętokrzyskie"
"2932","wielkopolskie"
"2933","wielkopolskie"
"2934","wielkopolskie"
"2935","wielkopolskie"
"2936","wielkopolskie"
"2937","świętokrzyskie"
"2938","warmińsko-mazurskie"
"2939","warmińsko-mazurskie"
"2940","warmińsko-mazurskie"
"2941","warmińsko-mazurskie"
"2942","świętokrzyskie"
"2943","świętokrzyskie"
"2944","świętokrzyskie"
"2945","wielkopolskie"
"2946","wielkopolskie"
"2947","wielkopolskie"
"2948","wielkopolskie"
"2949","wielkopolskie"
"2950","wielkopolskie"
"2951","wielkopolskie"
"2952","zachodniopomorskie"
"2953","zachodniopomorskie"
"2954","zachodniopomorskie"
"2955","wielkopolskie"
"2956","wielkopolskie"
"2957","wielkopolskie"
"2958","wielkopolskie"
"2959","wielkopolskie"
"2960","warmińsko-mazurskie"
"2961","warmińsko-mazurskie"
"2962","warmińsko-mazurskie"
"2963","warmińsko-mazurskie"
"2964","wielkopolskie"
"2965","wielkopolskie"
"2966","wielkopolskie"
"2967","wielkopolskie"
"2968","wielkopolskie"
"2969","wielkopolskie"
"2970","wielkopolskie"
"2971","wielkopolskie"
"2972","wielkopolskie"
"2973","wielkopolskie"
"2974","wielkopolskie"
"2975","wielkopolskie"
"2976","wielkopolskie"
"2977","wielkopolskie"
"2978","warmińsko-mazurskie"
"2979","warmińsko-mazurskie"
"2980","warmińsko-mazurskie"
"2981","warmińsko-mazurskie"
"2982","warmińsko-mazurskie"
"2983","warmińsko-mazurskie"
"2984","warmińsko-mazurskie"
"2985","warmińsko-mazurskie"
"2986","warmińsko-mazurskie"
"2987","wielkopolskie"
"2988","wielkopolskie"
"2989","wielkopolskie"
"2990","wielkopolskie"
"2991","wielkopolskie"
"2992","wielkopolskie"
"2993","wielkopolskie"
"2994","wielkopolskie"
"2995","wielkopolskie"
"2996","wielkopolskie"
"2997","wielkopolskie"
"2998","wielkopolskie"
"2999","wielkopolskie"
"3000","wielkopolskie"
"3001","wielkopolskie"
"3002","wielkopolskie"
"3003","wielkopolskie"
"3004","wielkopolskie"
"3005","wielkopolskie"
"3006","wielkopolskie"
"3007","wielkopolskie"
"3008","wielkopolskie"
"3009","wielkopolskie"
"3010","wielkopolskie"
"3011","wielkopolskie"
"3012","wielkopolskie"
"3013","wielkopolskie"
"3014","wielkopolskie"
"3015","wielkopolskie"
"3016","wielkopolskie"
"3017","wielkopolskie"
"3018","warmińsko-mazurskie"
"3019","warmińsko-mazurskie"
"3020","warmińsko-mazurskie"
"3021","warmińsko-mazurskie"
"3022","wielkopolskie"
"3023","wielkopolskie"
"3024","wielkopolskie"
"3025","wielkopolskie"
"3026","wielkopolskie"
"3027","wielkopolskie"
"3028","wielkopolskie"
"3029","wielkopolskie"
"3030","warmińsko-mazurskie"
"3031","wielkopolskie"
"3032","warmińsko-mazurskie"
"3033","warmińsko-mazurskie"
"3034","warmińsko-mazurskie"
"3035","warmińsko-mazurskie"
"3036","warmińsko-mazurskie"
"3037","warmińsko-mazurskie"
"3038","warmińsko-mazurskie"
"3039","warmińsko-mazurskie"
"3040","wielkopolskie"
"3041","wielkopolskie"
"3042","wielkopolskie"
"3043","wielkopolskie"
"3044","wielkopolskie"
"3045","wielkopolskie"
"3046","wielkopolskie"
"3047","wielkopolskie"
"3048","wielkopolskie"
"3049","warmińsko-mazurskie"
"3050","warmińsko-mazurskie"
"3051","warmińsko-mazurskie"
"3052","warmińsko-mazurskie"
"3053","warmińsko-mazurskie"
"3054","warmińsko-mazurskie"
"3055","warmińsko-mazurskie"
"3056","łódzkie"
"3057","łódzkie"
"3058","wielkopolskie"
"3059","łódzkie"
"3060","dolnośląskie"
"3061","lubelskie"
"3062","lubelskie"
"3063","lubuskie"
"3064","lubuskie"
"3065","zachodniopomorskie"
"3066","zachodniopomorskie"
"3067","zachodniopomorskie"
"3068","wielkopolskie"
"3069","wielkopolskie"
"3070","wielkopolskie"
"3071","dolnośląskie"
"3072","dolnośląskie"
"3073","dolnośląskie"
"3074","lubelskie"
"3075","wielkopolskie"
"3076","lubuskie"
"3077","lubuskie"
"3078","łódzkie"
"3079","małopolskie"
"3080","małopolskie"
"3081","dolnośląskie"
"3082","dolnośląskie"
"3083","wielkopolskie"
"3084","wielkopolskie"
"3085","lubuskie"
"3086","wielkopolskie"
"3087","małopolskie"
"3088","małopolskie"
"3089","małopolskie"
"3090","dolnośląskie"
"3091","dolnośląskie"
"3092","dolnośląskie"
"3093","kujawsko-pomorskie"
"3094","kujawsko-pomorskie"
"3095","kujawsko-pomorskie"
"3096","wielkopolskie"
"3097","wielkopolskie"
"3098","mazowieckie"
"3099","podkarpackie"
"3100","dolnośląskie"
"3101","dolnośląskie"
"3102","kujawsko-pomorskie"
"3103","kujawsko-pomorskie"
"3104","wielkopolskie"
"3105","wielkopolskie"
"3106","podkarpackie"
"3107","pomorskie"
"3108","zachodniopomorskie"
"3109","pomorskie"
"3110","dolnośląskie"
"3111","lubuskie"
"3112","lubuskie"
"3113","lubuskie"
"3114","lubuskie"
"3115","opolskie"
"3116","opolskie"
"3117","kujawsko-pomorskie"
"3118","podkarpackie"
"3119","zachodniopomorskie"
"3120","lubelskie"
"3121","warmińsko-mazurskie"
"3122","warmińsko-mazurskie"
"3123","wielkopolskie"
"3124","zachodniopomorskie"
"3125","zachodniopomorskie"
"3126","lubuskie"
"3127","lubuskie"
"3128","podkarpackie"
"3129","świętokrzyskie"
"3130","lubelskie"
"3131","lubelskie"
"3132","lubelskie"
"3133","śląskie"
"3134","śląskie"
"3135","śląskie"
"3136","śląskie"
"3137","opolskie"
"3138","opolskie"
"3139","świętokrzyskie"
"3140","lubelskie"
"3141","lubuskie"
"3142","lubuskie"
"3143","lubelskie"
"3144","lubelskie"
"3145","lubelskie"
"3146","pomorskie"
"3147","pomorskie"
"3148","wielkopolskie"
"3149","wielkopolskie"
"3150","wielkopolskie"
"3151","lubuskie"
"3152","lubuskie"
"3153","lubelskie"
"3154","lubelskie"
"3155","pomorskie"
"3156","śląskie"
"3157","wielkopolskie"
"3158","wielkopolskie"
"3159","wielkopolskie"
"3160","dolnośląskie"
"3161","lubuskie"
"3162","lubuskie"
"3163","lubelskie"
"3164","mazowieckie"
"3165","śląskie"
"3166","śląskie"
"3167","kujawsko-pomorskie"
"3168","pomorskie"
"3169","pomorskie"
"3170","lubuskie"
"3171","lubuskie"
"3172","zachodniopomorskie"
"3173","łódzkie"
"3174","podkarpackie"
"3175","podkarpackie"
"3176","podkarpackie"
"3177","pomorskie"
"3178","warmińsko-mazurskie"
"3179","lubuskie"
"3180","lubuskie"
"3181","lubuskie"
"3182","lubuskie"
"3183","lubuskie"
"3184","lubuskie"
"3185","lubuskie"
"3186","łódzkie"
"3187","łódzkie"
"3188","łódzkie"
"3189","śląskie"
"3190","śląskie"
"3191","warmińsko-mazurskie"
"3192","wielkopolskie"
"3193","lubuskie"
"3194","lubuskie"
"3195","łódzkie"
"3196","łódzkie"
"3197","śląskie"
"3198","świętokrzyskie"
"3199","pomorskie"
"3200","pomorskie"
"3201","wielkopolskie"
"3202","lubelskie"
"3203","lubuskie"
"3204","lubuskie"
"3205","lubuskie"
"3206","zachodniopomorskie"
"3207","łódzkie"
"3208","łódzkie"
"3209","łódzkie"
"3210","świętokrzyskie"
"3211","warmińsko-mazurskie"
"3212","lubelskie"
"3213","lubelskie"
"3214","lubelskie"
"3215","lubuskie"
"3216","lubuskie"
"3217","łódzkie"
"3218","łódzkie"
"3219","łódzkie"
"3220","śląskie"
"3221","śląskie"
"3222","śląskie"
"3223","lubelskie"
"3224","lubelskie"
"3225","lubelskie"
"3226","małopolskie"
"3227","małopolskie"
"3228","małopolskie"
"3229","łódzkie"
"3230","podkarpackie"
"3231","podlaskie"
"3232","dolnośląskie"
"3233","dolnośląskie"
"3234","małopolskie"
"3235","małopolskie"
"3236","małopolskie"
"3237","małopolskie"
"3238","małopolskie"
"3239","małopolskie"
"3240","podlaskie"
"3241","zachodniopomorskie"
"3242","dolnośląskie"
"3243","dolnośląskie"
"3244","małopolskie"
"3245","małopolskie"
"3246","podkarpackie"
"3247","małopolskie"
"3248","małopolskie"
"3249","małopolskie"
"3250","lubelskie"
"3251","dolnośląskie"
"3252","dolnośląskie"
"3253","dolnośląskie"
"3254","kujawsko-pomorskie"
"3255","podkarpackie"
"3256","małopolskie"
"3257","małopolskie"
"3258","małopolskie"
"3259","dolnośląskie"
"3260","dolnośląskie"
"3261","dolnośląskie"
"3262","kujawsko-pomorskie"
"3263","śląskie"
"3264","śląskie"
"3265","małopolskie"
"3266","małopolskie"
"3267","dolnośląskie"
"3268","dolnośląskie"
"3269","dolnośląskie"
"3270","kujawsko-pomorskie"
"3271","kujawsko-pomorskie"
"3272","małopolskie"
"3273","śląskie"
"3274","świętokrzyskie"
"3275","małopolskie"
"3276","małopolskie"
"3277","małopolskie"
"3278","dolnośląskie"
"3279","dolnośląskie"
"3280","kujawsko-pomorskie"
"3281","kujawsko-pomorskie"
"3282","kujawsko-pomorskie"
"3283","kujawsko-pomorskie"
"3284","świętokrzyskie"
"3285","świętokrzyskie"
"3286","mazowieckie"
"3287","mazowieckie"
"3288","mazowieckie"
"3289","dolnośląskie"
"3290","dolnośląskie"
"3291","kujawsko-pomorskie"
"3292","kujawsko-pomorskie"
"3293","świętokrzyskie"
"3294","mazowieckie"
"3295","mazowieckie"
"3296","mazowieckie"
"3297","mazowieckie"
"3298","zachodniopomorskie"
"3299","dolnośląskie"
"3300","dolnośląskie"
"3301","kujawsko-pomorskie"
"3302","dolnośląskie"
"3303","mazowieckie"
"3304","mazowieckie"
"3305","zachodniopomorskie"
"3306","zachodniopomorskie"
"3307","dolnośląskie"
"3308","dolnośląskie"
"3309","dolnośląskie"
"3310","dolnośląskie"
"3311","kujawsko-pomorskie"
"3312","kujawsko-pomorskie"
"3313","mazowieckie"
"3314","mazowieckie"
"3315","mazowieckie"
"3316","zachodniopomorskie"
"3317","zachodniopomorskie"
"3318","zachodniopomorskie"
"3319","zachodniopomorskie"
"3320","zachodniopomorskie"
"3321","zachodniopomorskie"
"3322","dolnośląskie"
"3323","dolnośląskie"
"3324","kujawsko-pomorskie"
"3325","kujawsko-pomorskie"
"3326","kujawsko-pomorskie"
"3327","mazowieckie"
"3328","mazowieckie"
"3329","zachodniopomorskie"
"3330","zachodniopomorskie"
"3331","zachodniopomorskie"
"3332","dolnośląskie"
"3333","dolnośląskie"
"3334","kujawsko-pomorskie"
"3335","kujawsko-pomorskie"
"3336","kujawsko-pomorskie"
"3337","małopolskie"
"3338","małopolskie"
"3339","małopolskie"
"3340","zachodniopomorskie"
"3341","zachodniopomorskie"
"3342","dolnośląskie"
"3343","dolnośląskie"
"3344","dolnośląskie"
"3345","dolnośląskie"
"3346","dolnośląskie"
"3347","kujawsko-pomorskie"
"3348","kujawsko-pomorskie"
"3349","małopolskie"
"3350","małopolskie"
"3351","małopolskie"
"3352","zachodniopomorskie"
"3353","zachodniopomorskie"
"3354","zachodniopomorskie"
"3355","zachodniopomorskie"
"3356","zachodniopomorskie"
"3357","zachodniopomorskie"
"3358","zachodniopomorskie"
"3359","dolnośląskie"
"3360","dolnośląskie"
"3361","kujawsko-pomorskie"
"3362","kujawsko-pomorskie"
"3363","kujawsko-pomorskie"
"3364","kujawsko-pomorskie"
"3365","łódzkie"
"3366","łódzkie"
"3367","zachodniopomorskie"
"3368","zachodniopomorskie"
"3369","zachodniopomorskie"
"3370","dolnośląskie"
"3371","dolnośląskie"
"3372","kujawsko-pomorskie"
"3373","kujawsko-pomorskie"
"3374","kujawsko-pomorskie"
"3375","łódzkie"
"3376","łódzkie"
"3377","łódzkie"
"3378","zachodniopomorskie"
"3379","zachodniopomorskie"
"3380","dolnośląskie"
"3381","dolnośląskie"
"3382","dolnośląskie"
"3383","małopolskie"
"3384","małopolskie"
"3385","małopolskie"
"3386","małopolskie"
"3387","łódzkie"
"3388","łódzkie"
"3389","zachodniopomorskie"
"3390","zachodniopomorskie"
"3391","dolnośląskie"
"3392","dolnośląskie"
"3393","małopolskie"
"3394","małopolskie"
"3395","małopolskie"
"3396","łódzkie"
"3397","małopolskie"
"3398","małopolskie"
"3399","podkarpackie"
"3400","podkarpackie"
"3401","podkarpackie"
"3402","podlaskie"
"3403","podkarpackie"
"3404","podlaskie"
"3405","podlaskie"
"3406","warmińsko-mazurskie"
"3407","zachodniopomorskie"
"3408","zachodniopomorskie"
"3409","podkarpackie"
"3410","podkarpackie"
"3411","podlaskie"
"3412","podlaskie"
"3413","zachodniopomorskie"
"3414","zachodniopomorskie"
"3415","podkarpackie"
"3416","podkarpackie"
"3417","podkarpackie"
"3418","podlaskie"
"3419","podlaskie"
"3420","zachodniopomorskie"
"3421","zachodniopomorskie"
"3422","podkarpackie"
"3423","podkarpackie"
"3424","podlaskie"
"3425","podlaskie"
"3426","warmińsko-mazurskie"
"3427","warmińsko-mazurskie"
"3428","podlaskie"
"3429","zachodniopomorskie"
"3430","zachodniopomorskie"
"3431","zachodniopomorskie"
"3432","zachodniopomorskie"
"3433","zachodniopomorskie"
"3434","podkarpackie"
"3435","podkarpackie"
"3436","podkarpackie"
"3437","pomorskie"
"3438","podlaskie"
"3439","zachodniopomorskie"
"3440","zachodniopomorskie"
"3441","mazowieckie"
"3442","mazowieckie"
"3443","podlaskie"
"3444","podlaskie"
"3445","podlaskie"
"3446","zachodniopomorskie"
"3447","zachodniopomorskie"
"3448","zachodniopomorskie"
"3449","zachodniopomorskie"
"3450","mazowieckie"
"3451","mazowieckie"
"3452","podlaskie"
"3453","podlaskie"
"3454","podlaskie"
"3455","zachodniopomorskie"
"3456","zachodniopomorskie"
"3457","zachodniopomorskie"
"3458","śląskie"
"3459","podlaskie"
"3460","podlaskie"
"3461","podlaskie"
"3462","podlaskie"
"3463","zachodniopomorskie"
"3464","podlaskie"
"3465","świętokrzyskie"
"3466","świętokrzyskie"
"3467","warmińsko-mazurskie"
"3468","mazowieckie"
"3469","podlaskie"
"3470","podlaskie"
"3471","śląskie"
"3472","opolskie"
"3473","opolskie"
"3474","podlaskie"
"3475","zachodniopomorskie"
"3476","opolskie"
"3477","opolskie"
"3478","zachodniopomorskie"
"3479","zachodniopomorskie"
"3480","zachodniopomorskie"
"3481","zachodniopomorskie"
"3482","opolskie"
"3483","opolskie"
"3484","opolskie"
"3485","zachodniopomorskie"
"3486","zachodniopomorskie"
"3487","zachodniopomorskie"
"3488","zachodniopomorskie"
"3489","opolskie"
"3490","podkarpackie"
"3491","podkarpackie"
"3492","zachodniopomorskie"
"3493","zachodniopomorskie"
"3494","podkarpackie"
"3495","podkarpackie"
"3496","podkarpackie"
"3497","małopolskie"
"3498","małopolskie"
"3499","małopolskie"
"3500","podkarpackie"
"3501","podkarpackie"
"3502","podlaskie"
"3503","małopolskie"
"3504","podkarpackie"
"3505","zachodniopomorskie"
"3506","zachodniopomorskie"
"3507","zachodniopomorskie"
"3508","podkarpackie"
"3509","świętokrzyskie"
"3510","podkarpackie"
"3511","wielkopolskie"
"3512","wielkopolskie"
"3513","świętokrzyskie"
"3514","świętokrzyskie"
"3515","świętokrzyskie"
"3516","warmińsko-mazurskie"
"3517","mazowieckie"
"3518","mazowieckie"
"3519","wielkopolskie"
"3520","wielkopolskie"
"3521","wielkopolskie"
"3522","wielkopolskie"
"3523","wielkopolskie"
"3524","wielkopolskie"
"3525","warmińsko-mazurskie"
"3526","warmińsko-mazurskie"
"3527","warmińsko-mazurskie"
"3528","warmińsko-mazurskie"
"3529","warmińsko-mazurskie"
"3530","warmińsko-mazurskie"
"3531","warmińsko-mazurskie"
"3532","warmińsko-mazurskie"
"3533","świętokrzyskie"
"3534","mazowieckie"
"3535","mazowieckie"
"3536","wielkopolskie"
"3537","wielkopolskie"
"3538","wielkopolskie"
"3539","warmińsko-mazurskie"
"3540","warmińsko-mazurskie"
"3541","warmińsko-mazurskie"
"3542","mazowieckie"
"3543","mazowieckie"
"3544","wielkopolskie"
"3545","wielkopolskie"
"3546","warmińsko-mazurskie"
"3547","wielkopolskie"
"3548","wielkopolskie"
"3549","warmińsko-mazurskie"
"3550","warmińsko-mazurskie"
"3551","mazowieckie"
"3552","mazowieckie"
"3553","wielkopolskie"
"3554","wielkopolskie"
"3555","wielkopolskie"
"3556","wielkopolskie"
"3557","wielkopolskie"
"3558","wielkopolskie"
"3559","warmińsko-mazurskie"
"3560","warmińsko-mazurskie"
"3561","mazowieckie"
"3562","śląskie"
"3563","opolskie"
"3564","wielkopolskie"
"3565","wielkopolskie"
"3566","wielkopolskie"
"3567","zachodniopomorskie"
"3568","zachodniopomorskie"
"3569","wielkopolskie"
"3570","wielkopolskie"
"3571","wielkopolskie"
"3572","wielkopolskie"
"3573","warmińsko-mazurskie"
"3574","świętokrzyskie"
"3575","opolskie"
"3576","opolskie"
"3577","wielkopolskie"
"3578","wielkopolskie"
"3579","wielkopolskie"
"3580","wielkopolskie"
"3581","świętokrzyskie"
"3582","warmińsko-mazurskie"
"3583","warmińsko-mazurskie"
"3584","świętokrzyskie"
"3585","wielkopolskie"
"3586","opolskie"
"3587","wielkopolskie"
"3588","wielkopolskie"
"3589","wielkopolskie"
"3590","wielkopolskie"
"3591","warmińsko-mazurskie"
"3592","warmińsko-mazurskie"
"3593","opolskie"
"3594","opolskie"
"3595","opolskie"
"3596","podkarpackie"
"3597","wielkopolskie"
"3598","wielkopolskie"
"3599","wielkopolskie"
"3600","wielkopolskie"
"3601","wielkopolskie"
"3602","wielkopolskie"
"3603","warmińsko-mazurskie"
"3604","świętokrzyskie"
"3605","opolskie"
"3606","lubelskie"
"3607","wielkopolskie"
"3608","wielkopolskie"
"3609","wielkopolskie"
"3610","wielkopolskie"
"3611","wielkopolskie"
"3612","świętokrzyskie"
"3613","świętokrzyskie"
"3614","wielkopolskie"
"3615","opolskie"
"3616","opolskie"
"3617","wielkopolskie"
"3618","wielkopolskie"
"3619","wielkopolskie"
"3620","wielkopolskie"
"3621","wielkopolskie"
"3622","wielkopolskie"
"3623","mazowieckie"
"3624","mazowieckie"
"3625","opolskie"
"3626","opolskie"
"3627","wielkopolskie"
"3628","wielkopolskie"
"3629","wielkopolskie"
"3630","zachodniopomorskie"
"3631","zachodniopomorskie"
"3632","zachodniopomorskie"
"3633","zachodniopomorskie"
"3634","mazowieckie"
"3635","mazowieckie"
"3636","mazowieckie"
"3637","podlaskie"
"3638","opolskie"
"3639","wielkopolskie"
"3640","wielkopolskie"
"3641","zachodniopomorskie"
"3642","zachodniopomorskie"
"3643","mazowieckie"
"3644","mazowieckie"
"3645","mazowieckie"
"3646","opolskie"
"3647","opolskie"
"3648","śląskie"
"3649","opolskie"
"3650","pomorskie"
"3651","pomorskie"
"3652","pomorskie"
"3653","zachodniopomorskie"
"3654","warmińsko-mazurskie"
"3655","mazowieckie"
"3656","mazowieckie"
"3657","mazowieckie"
"3658","opolskie"
"3659","śląskie"
"3660","śląskie"
"3661","pomorskie"
"3662","pomorskie"
"3663","świętokrzyskie"
"3664","świętokrzyskie"
"3665","mazowieckie"
"3666","mazowieckie"
"3667","mazowieckie"
"3668","mazowieckie"
"3669","mazowieckie"
"3670","wielkopolskie"
"3671","wielkopolskie"
"3672","wielkopolskie"
"3673","pomorskie"
"3674","wielkopolskie"
"3675","wielkopolskie"
"3676","świętokrzyskie"
"3677","świętokrzyskie"
"3678","mazowieckie"
"3679","mazowieckie"
"3680","wielkopolskie"
"3681","wielkopolskie"
"3682","wielkopolskie"
"3683","wielkopolskie"
